기준일,시군구명,구분,품목,규격 및 단위,물가동향,데이터기준일자
2023-05-04,장안구,개인서비스요금(외식비),설렁탕,1인분(보통),9000 ,2023-05-26
2023-05-04,장안구,개인서비스요금(외식비),냉면,"물냉면,1인분(보통)",8000 ,2023-05-26
2023-05-04,장안구,개인서비스요금(외식비),비빕밥,1인분(보통),7450 ,2023-05-26
2023-05-04,장안구,개인서비스요금(외식비),갈비탕,1인분(보통),12550 ,2023-05-26
2023-05-04,장안구,개인서비스요금(외식비),삼계탕,"닭 1마리,1인분(보통)",15000 ,2023-05-26
2023-05-04,장안구,개인서비스요금(외식비),김치찌개,1인분(보통),7650 ,2023-05-26
2023-05-04,장안구,개인서비스요금(외식비),된장찌개,1인분(보통),7650 ,2023-05-26
2023-05-04,장안구,개인서비스요금(외식비),불고기,"쇠고기 200g(국내산육우), 공기밥 제외",14188 ,2023-05-26
2023-05-04,장안구,개인서비스요금(외식비),삼겹살(외식),"돼지고기 200g(국내산), 공기밥 제외",15160 ,2023-05-26
2023-05-04,장안구,개인서비스요금(외식비),등심구이(외식),"쇠고기 200g(한우, 1+), 1인분",44850 ,2023-05-26
2023-05-04,장안구,개인서비스요금(외식비),돼지갈비(외식),국내산 200g,14920 ,2023-05-26
2023-05-04,장안구,개인서비스요금(외식비),짜장면,중화요리점 1그릇(보통),6200 ,2023-05-26
2023-05-04,장안구,개인서비스요금(외식비),짬뽕,중화요리점 1그릇(보통),7950 ,2023-05-26
2023-05-04,장안구,개인서비스요금(외식비),탕수육,"중화요리점 1그릇(중, 돼지고기)",22800 ,2023-05-26
2023-05-04,장안구,개인서비스요금(외식비),생선초밥,"일식집 1인분, 활어기준",13180 ,2023-05-26
2023-05-04,장안구,개인서비스요금(외식비),돈까스,"돈까스(국내산) 식당, 1인분",8190 ,2023-05-26
2023-05-04,장안구,개인서비스요금(외식비),햄버거,"전문점, 불고기 버거 1개",3988 ,2023-05-26
2023-05-04,장안구,개인서비스요금(외식비),피자,"전문점, 불고기 피자, 기본형(레귤러)",15930 ,2023-05-26
2023-05-04,장안구,개인서비스요금(외식비),커피(외식),"커피전문점, 일반 원두커피 1잔",3070 ,2023-05-26
2023-05-04,장안구,개인서비스요금(외식비),국산차(외식),녹차 1잔,3990 ,2023-05-26
2023-05-04,장안구,개인서비스요금(외식비),치킨,"튀김통닭, 후라이드",16790 ,2023-05-26
2023-05-04,장안구,개인서비스요금(외식비),칼국수,칼국수 전문점 1그릇,7550 ,2023-05-26
2023-05-04,장안구,개인서비스요금(외식비),조리라면(외식),분식집 1인분,4150 ,2023-05-26
2023-05-04,장안구,개인서비스요금(외식비),김밥,"일반김밥, 1줄",2680 ,2023-05-26
2023-05-04,장안구,"(세탁업,이미용업,숙박업등)",세탁료,"신사복, 상하 드라이클리닝 1회",7480 ,2023-05-26
2023-05-04,장안구,"(세탁업,이미용업,숙박업등)",의복수선료,"신사복 하의길의 수단(바지밑단줄임), 1회",4200 ,2023-05-26
2023-05-04,장안구,"(세탁업,이미용업,숙박업등)",목욕료,"일반 대중탕, 성인1회",8500 ,2023-05-26
2023-05-04,장안구,"(세탁업,이미용업,숙박업등)",이용료,"성인남성이발, 중류급 1회",11000 ,2023-05-26
2023-05-04,장안구,"(세탁업,이미용업,숙박업등)",미용료(커트),"성인여자커트, 중류급 1회(주택,아파트단지 등 일반업소)",13600 ,2023-05-26
2023-05-04,장안구,"(세탁업,이미용업,숙박업등)",미용료(파마),"성인여자 기본, 중류급 1회(주택,아파트단지 등 일반업소_)",45000 ,2023-05-26
2023-05-04,장안구,"(세탁업,이미용업,숙박업등)",찜질방이용료,성인1회(찜질복 대여료 포함),10625 ,2023-05-26
2023-05-04,장안구,"(세탁업,이미용업,숙박업등)",숙박(호텔),관광호텔 1급 기준 대여료 포함,,2023-05-26
2023-05-04,장안구,"(세탁업,이미용업,숙박업등)",숙박(여관),"갑류, 독방 1박, 욕실부설, 1일",42500 ,2023-05-26
2023-05-04,장안구,"(세탁업,이미용업,숙박업등)",콘도이용료,"약 82.65㎡ 회원기준,1일 사용기준",,2023-05-26
2023-05-04,장안구,개인서비스요금(기타),영화관람료,"주중 상영시간, 1매(입장세 및 문예진흥기금 포함)",14000 ,2023-05-26
2023-05-04,장안구,개인서비스요금(기타),수영장이용료,"성인일반 입장료(체육기금포함),1회",10000 ,2023-05-26
2023-05-04,장안구,개인서비스요금(기타),볼링장이용료,"일반인, 평일 오후시간(신발제외), 1시간",4375 ,2023-05-26
2023-05-04,장안구,개인서비스요금(기타),골프연습장이용료,"초급반(남자),회비 레슨비(진흥기금 포함,의복 및 신발제외), 1개월",277500 ,2023-05-26
2023-05-04,장안구,개인서비스요금(기타),노래방이용료,"일반인, 저녁시간대,일반실,1시간",27200 ,2023-05-26
2023-05-04,장안구,개인서비스요금(기타),당구장이용료,"쿠션 당구대, 일반인, 저녁시간 1시간",9360 ,2023-05-26
2023-05-04,장안구,개인서비스요금(기타),운동경기관람료,"성인 경기입장료(축구,야구 등), 1회",12000 ,2023-05-26
2023-05-04,장안구,개인서비스요금(기타),PC방 이용료,기본시간 1회,1310 ,2023-05-26
2023-05-04,장안구,개인서비스요금(기타),택배수수료,"무게 20kg이하, 타지역 1개",7630 ,2023-05-26
2023-05-04,장안구,개인서비스요금(기타),사진촬영료,"반명함판 컬러 3*4㎝, 1조(8매)",20778 ,2023-05-26
2023-05-04,장안구,개인서비스요금(기타),사진인화료,"디지털 사진인화요금(현상료 포함), 1매",538 ,2023-05-26
2023-05-04,장안구,개인서비스요금(기타),공동주택관리비,"아파트, 개별부담금 제외한 전금액",151773 ,2023-05-26
2023-05-04,장안구,생필품 요금(농산물 8),사과,"상품, 1개",2439 ,2023-05-26
2023-05-04,장안구,생필품 요금(농산물 8),배,"상품, 1개",3280 ,2023-05-26
2023-05-04,장안구,생필품 요금(농산물 8),배추,"2kg(중간크기), 1포기",4637 ,2023-05-26
2023-05-04,장안구,생필품 요금(농산물 8),무,"1kg, 잎 없는것",2096 ,2023-05-26
2023-05-04,장안구,생필품 요금(농산물 8),양파,"작은망(까지않은것 1.5kg), 1망",3557 ,2023-05-26
2023-05-04,장안구,생필품 요금(농산물 8),상추,"적상추 ,100g",1702 ,2023-05-26
2023-05-04,장안구,생필품 요금(농산물 8),오이,"다다기오이,1개",738 ,2023-05-26
2023-05-04,장안구,생필품 요금(농산물 8),호박,"애호박(중), 1개",1588 ,2023-05-26
2023-05-04,장안구,축산물(4),쇠고기,"한우불고기(1등급), 600g",28514 ,2023-05-26
2023-05-04,장안구,축산물(4),돼지고기,"생삼겹살(국내산), 600g",17164 ,2023-05-26
2023-05-04,장안구,축산물(4),닭고기,"육계(국내산), 1마리(1kg)",8906 ,2023-05-26
2023-05-04,장안구,축산물(4),달걀,"10개입, 1판 10개",3976 ,2023-05-26
2023-05-04,장안구,수산물(4),갈치,"생물(60cm), 1마리",8190 ,2023-05-26
2023-05-04,장안구,수산물(4),동태,"냉동, 1kg, 1마리",3163 ,2023-05-26
2023-05-04,장안구,수산물(4),오징어,"물오징어(생물) 25cm, 1마리",4848 ,2023-05-26
2023-05-04,장안구,수산물(4),고등어,"자반고등어 30cm,1마리",4073 ,2023-05-26
2023-05-04,권선구,개인서비스요금(외식비),설렁탕,1인분(보통),10167 ,2023-05-26
2023-05-04,권선구,개인서비스요금(외식비),냉면,"물냉면,1인분(보통)",8100 ,2023-05-26
2023-05-04,권선구,개인서비스요금(외식비),비빕밥,1인분(보통),7300 ,2023-05-26
2023-05-04,권선구,개인서비스요금(외식비),갈비탕,1인분(보통),14300 ,2023-05-26
2023-05-04,권선구,개인서비스요금(외식비),삼계탕,"닭 1마리,1인분(보통)",15000 ,2023-05-26
2023-05-04,권선구,개인서비스요금(외식비),김치찌개,1인분(보통),7850 ,2023-05-26
2023-05-04,권선구,개인서비스요금(외식비),된장찌개,1인분(보통),7550 ,2023-05-26
2023-05-04,권선구,개인서비스요금(외식비),불고기,"쇠고기 200g(국내산육우), 공기밥 제외",13833 ,2023-05-26
2023-05-04,권선구,개인서비스요금(외식비),삼겹살(외식),"돼지고기 200g(국내산), 공기밥 제외",14600 ,2023-05-26
2023-05-04,권선구,개인서비스요금(외식비),등심구이(외식),"쇠고기 200g(한우, 1+), 1인분",38727 ,2023-05-26
2023-05-04,권선구,개인서비스요금(외식비),돼지갈비(외식),국내산 200g,14226 ,2023-05-26
2023-05-04,권선구,개인서비스요금(외식비),짜장면,중화요리점 1그릇(보통),6450 ,2023-05-26
2023-05-04,권선구,개인서비스요금(외식비),짬뽕,중화요리점 1그릇(보통),8350 ,2023-05-26
2023-05-04,권선구,개인서비스요금(외식비),탕수육,"중화요리점 1그릇(중, 돼지고기)",24250 ,2023-05-26
2023-05-04,권선구,개인서비스요금(외식비),생선초밥,"일식집 1인분, 활어기준",16100 ,2023-05-26
2023-05-04,권선구,개인서비스요금(외식비),돈까스,"돈까스(국내산) 식당, 1인분",9640 ,2023-05-26
2023-05-04,권선구,개인서비스요금(외식비),햄버거,"전문점, 불고기 버거 1개",4070 ,2023-05-26
2023-05-04,권선구,개인서비스요금(외식비),피자,"전문점, 불고기 피자, 기본형(레귤러)",15330 ,2023-05-26
2023-05-04,권선구,개인서비스요금(외식비),커피(외식),"커피전문점, 일반 원두커피 1잔",3410 ,2023-05-26
2023-05-04,권선구,개인서비스요금(외식비),국산차(외식),녹차 1잔,3950 ,2023-05-26
2023-05-04,권선구,개인서비스요금(외식비),치킨,"튀김통닭, 후라이드",16200 ,2023-05-26
2023-05-04,권선구,개인서비스요금(외식비),칼국수,칼국수 전문점 1그릇,8200 ,2023-05-26
2023-05-04,권선구,개인서비스요금(외식비),조리라면(외식),분식집 1인분,3960 ,2023-05-26
2023-05-04,권선구,개인서비스요금(외식비),김밥,"일반김밥, 1줄",2880 ,2023-05-26
2023-05-04,권선구,"(세탁업,이미용업,숙박업등)",세탁료,"신사복, 상하 드라이클리닝 1회",7470 ,2023-05-26
2023-05-04,권선구,"(세탁업,이미용업,숙박업등)",의복수선료,"신사복 하의길의 수단(바지밑단줄임), 1회",4500 ,2023-05-26
2023-05-04,권선구,"(세탁업,이미용업,숙박업등)",목욕료,"일반 대중탕, 성인1회",8667 ,2023-05-26
2023-05-04,권선구,"(세탁업,이미용업,숙박업등)",이용료,"성인남성이발, 중류급 1회",13600 ,2023-05-26
2023-05-04,권선구,"(세탁업,이미용업,숙박업등)",미용료(커트),"성인여자커트, 중류급 1회(주택,아파트단지 등 일반업소)",17500 ,2023-05-26
2023-05-04,권선구,"(세탁업,이미용업,숙박업등)",미용료(파마),"성인여자 기본, 중류급 1회(주택,아파트단지 등 일반업소_)",50700 ,2023-05-26
2023-05-04,권선구,"(세탁업,이미용업,숙박업등)",찜질방이용료,성인1회(찜질복 대여료 포함),10833 ,2023-05-26
2023-05-04,권선구,"(세탁업,이미용업,숙박업등)",숙박(호텔),관광호텔 1급 기준 대여료 포함,70000 ,2023-05-26
2023-05-04,권선구,"(세탁업,이미용업,숙박업등)",숙박(여관),"갑류, 독방 1박, 욕실부설, 1일",43333 ,2023-05-26
2023-05-04,권선구,"(세탁업,이미용업,숙박업등)",콘도이용료,"약 82.65㎡ 회원기준,1일 사용기준",,2023-05-26
2023-05-04,권선구,개인서비스요금(기타),영화관람료,"주중 상영시간, 1매(입장세 및 문예진흥기금 포함)",14667 ,2023-05-26
2023-05-04,권선구,개인서비스요금(기타),수영장이용료,"성인일반 입장료(체육기금포함),1회",4167 ,2023-05-26
2023-05-04,권선구,개인서비스요금(기타),볼링장이용료,"일반인, 평일 오후시간(신발제외), 1시간",4480 ,2023-05-26
2023-05-04,권선구,개인서비스요금(기타),골프연습장이용료,"초급반(남자),회비 레슨비(진흥기금 포함,의복 및 신발제외), 1개월",232429 ,2023-05-26
2023-05-04,권선구,개인서비스요금(기타),노래방이용료,"일반인, 저녁시간대,일반실,1시간",30000 ,2023-05-26
2023-05-04,권선구,개인서비스요금(기타),당구장이용료,"쿠션 당구대, 일반인, 저녁시간 1시간",9100 ,2023-05-26
2023-05-04,권선구,개인서비스요금(기타),운동경기관람료,"성인 경기입장료(축구,야구 등), 1회",15000 ,2023-05-26
2023-05-04,권선구,개인서비스요금(기타),PC방 이용료,기본시간 1회,1140 ,2023-05-26
2023-05-04,권선구,개인서비스요금(기타),택배수수료,"무게 20kg이하, 타지역 1개",7370 ,2023-05-26
2023-05-04,권선구,개인서비스요금(기타),사진촬영료,"반명함판 컬러 3*4㎝, 1조(8매)",20222 ,2023-05-26
2023-05-04,권선구,개인서비스요금(기타),사진인화료,"디지털 사진인화요금(현상료 포함), 1매",678 ,2023-05-26
2023-05-04,권선구,개인서비스요금(기타),공동주택관리비,"아파트, 개별부담금 제외한 전금액",144598 ,2023-05-26
2023-05-04,권선구,생필품 요금(농산물 8),사과,"상품, 1개",1823 ,2023-05-26
2023-05-04,권선구,생필품 요금(농산물 8),배,"상품, 1개",3367 ,2023-05-26
2023-05-04,권선구,생필품 요금(농산물 8),배추,"2kg(중간크기), 1포기",4086 ,2023-05-26
2023-05-04,권선구,생필품 요금(농산물 8),무,"1kg, 잎 없는것",1961 ,2023-05-26
2023-05-04,권선구,생필품 요금(농산물 8),양파,"작은망(까지않은것 1.5kg), 1망",3249 ,2023-05-26
2023-05-04,권선구,생필품 요금(농산물 8),상추,"적상추 ,100g",1062 ,2023-05-26
2023-05-04,권선구,생필품 요금(농산물 8),오이,"다다기오이,1개",722 ,2023-05-26
2023-05-04,권선구,생필품 요금(농산물 8),호박,"애호박(중), 1개",1558 ,2023-05-26
2023-05-04,권선구,축산물(4),쇠고기,"한우불고기(1등급), 600g",24732 ,2023-05-26
2023-05-04,권선구,축산물(4),돼지고기,"생삼겹살(국내산), 600g",16133 ,2023-05-26
2023-05-04,권선구,축산물(4),닭고기,"육계(국내산), 1마리(1kg)",8354 ,2023-05-26
2023-05-04,권선구,축산물(4),달걀,"10개입, 1판 10개",4039 ,2023-05-26
2023-05-04,권선구,수산물(4),갈치,"생물(60cm), 1마리",13726 ,2023-05-26
2023-05-04,권선구,수산물(4),동태,"냉동, 1kg, 1마리",4575 ,2023-05-26
2023-05-04,권선구,수산물(4),오징어,"물오징어(생물) 25cm, 1마리",4738 ,2023-05-26
2023-05-04,권선구,수산물(4),고등어,"자반고등어 30cm,1마리",4752 ,2023-05-26
2023-05-04,팔달구,개인서비스요금(외식비),설렁탕,1인분(보통),9222 ,2023-05-26
2023-05-04,팔달구,개인서비스요금(외식비),냉면,"물냉면,1인분(보통)",8250 ,2023-05-26
2023-05-04,팔달구,개인서비스요금(외식비),비빕밥,1인분(보통),7600 ,2023-05-26
2023-05-04,팔달구,개인서비스요금(외식비),갈비탕,1인분(보통),11700 ,2023-05-26
2023-05-04,팔달구,개인서비스요금(외식비),삼계탕,"닭 1마리,1인분(보통)",14600 ,2023-05-26
2023-05-04,팔달구,개인서비스요금(외식비),김치찌개,1인분(보통),7300 ,2023-05-26
2023-05-04,팔달구,개인서비스요금(외식비),된장찌개,1인분(보통),7000 ,2023-05-26
2023-05-04,팔달구,개인서비스요금(외식비),불고기,"쇠고기 200g(국내산육우), 공기밥 제외",14916 ,2023-05-26
2023-05-04,팔달구,개인서비스요금(외식비),삼겹살(외식),"돼지고기 200g(국내산), 공기밥 제외",16029 ,2023-05-26
2023-05-04,팔달구,개인서비스요금(외식비),등심구이(외식),"쇠고기 200g(한우, 1+), 1인분",42522 ,2023-05-26
2023-05-04,팔달구,개인서비스요금(외식비),돼지갈비(외식),국내산 200g,13900 ,2023-05-26
2023-05-04,팔달구,개인서비스요금(외식비),짜장면,중화요리점 1그릇(보통),5900 ,2023-05-26
2023-05-04,팔달구,개인서비스요금(외식비),짬뽕,중화요리점 1그릇(보통),7550 ,2023-05-26
2023-05-04,팔달구,개인서비스요금(외식비),탕수육,"중화요리점 1그릇(중, 돼지고기)",21500 ,2023-05-26
2023-05-04,팔달구,개인서비스요금(외식비),생선초밥,"일식집 1인분, 활어기준",16286 ,2023-05-26
2023-05-04,팔달구,개인서비스요금(외식비),돈까스,"돈까스(국내산) 식당, 1인분",9189 ,2023-05-26
2023-05-04,팔달구,개인서비스요금(외식비),햄버거,"전문점, 불고기 버거 1개",4314 ,2023-05-26
2023-05-04,팔달구,개인서비스요금(외식비),피자,"전문점, 불고기 피자, 기본형(레귤러)",16455 ,2023-05-26
2023-05-04,팔달구,개인서비스요금(외식비),커피(외식),"커피전문점, 일반 원두커피 1잔",3450 ,2023-05-26
2023-05-04,팔달구,개인서비스요금(외식비),국산차(외식),녹차 1잔,3850 ,2023-05-26
2023-05-04,팔달구,개인서비스요금(외식비),치킨,"튀김통닭, 후라이드",17890 ,2023-05-26
2023-05-04,팔달구,개인서비스요금(외식비),칼국수,칼국수 전문점 1그릇,6600 ,2023-05-26
2023-05-04,팔달구,개인서비스요금(외식비),조리라면(외식),분식집 1인분,3833 ,2023-05-26
2023-05-04,팔달구,개인서비스요금(외식비),김밥,"일반김밥, 1줄",3120 ,2023-05-26
2023-05-04,팔달구,"(세탁업,이미용업,숙박업등)",세탁료,"신사복, 상하 드라이클리닝 1회",7600 ,2023-05-26
2023-05-04,팔달구,"(세탁업,이미용업,숙박업등)",의복수선료,"신사복 하의길의 수단(바지밑단줄임), 1회",4000 ,2023-05-26
2023-05-04,팔달구,"(세탁업,이미용업,숙박업등)",목욕료,"일반 대중탕, 성인1회",8500 ,2023-05-26
2023-05-04,팔달구,"(세탁업,이미용업,숙박업등)",이용료,"성인남성이발, 중류급 1회",12500 ,2023-05-26
2023-05-04,팔달구,"(세탁업,이미용업,숙박업등)",미용료(커트),"성인여자커트, 중류급 1회(주택,아파트단지 등 일반업소)",13700 ,2023-05-26
2023-05-04,팔달구,"(세탁업,이미용업,숙박업등)",미용료(파마),"성인여자 기본, 중류급 1회(주택,아파트단지 등 일반업소_)",44000 ,2023-05-26
2023-05-04,팔달구,"(세탁업,이미용업,숙박업등)",찜질방이용료,성인1회(찜질복 대여료 포함),10100 ,2023-05-26
2023-05-04,팔달구,"(세탁업,이미용업,숙박업등)",숙박(호텔),관광호텔 1급 기준 대여료 포함,170500 ,2023-05-26
2023-05-04,팔달구,"(세탁업,이미용업,숙박업등)",숙박(여관),"갑류, 독방 1박, 욕실부설, 1일",31429 ,2023-05-26
2023-05-04,팔달구,"(세탁업,이미용업,숙박업등)",콘도이용료,"약 82.65㎡ 회원기준,1일 사용기준",,2023-05-26
2023-05-04,팔달구,개인서비스요금(기타),영화관람료,"주중 상영시간, 1매(입장세 및 문예진흥기금 포함)",13333 ,2023-05-26
2023-05-04,팔달구,개인서비스요금(기타),수영장이용료,"성인일반 입장료(체육기금포함),1회",9250 ,2023-05-26
2023-05-04,팔달구,개인서비스요금(기타),볼링장이용료,"일반인, 평일 오후시간(신발제외), 1시간",5250 ,2023-05-26
2023-05-04,팔달구,개인서비스요금(기타),골프연습장이용료,"초급반(남자),회비 레슨비(진흥기금 포함,의복 및 신발제외), 1개월",193000 ,2023-05-26
2023-05-04,팔달구,개인서비스요금(기타),노래방이용료,"일반인, 저녁시간대,일반실,1시간",24300 ,2023-05-26
2023-05-04,팔달구,개인서비스요금(기타),당구장이용료,"쿠션 당구대, 일반인, 저녁시간 1시간",8800 ,2023-05-26
2023-05-04,팔달구,개인서비스요금(기타),운동경기관람료,"성인 경기입장료(축구,야구 등), 1회",14000 ,2023-05-26
2023-05-04,팔달구,개인서비스요금(기타),PC방 이용료,기본시간 1회,1267 ,2023-05-26
2023-05-04,팔달구,개인서비스요금(기타),택배수수료,"무게 20kg이하, 타지역 1개",6750 ,2023-05-26
2023-05-04,팔달구,개인서비스요금(기타),사진촬영료,"반명함판 컬러 3*4㎝, 1조(8매)",19000 ,2023-05-26
2023-05-04,팔달구,개인서비스요금(기타),사진인화료,"디지털 사진인화요금(현상료 포함), 1매",538 ,2023-05-26
2023-05-04,팔달구,개인서비스요금(기타),공동주택관리비,"아파트, 개별부담금 제외한 전금액",130208 ,2023-05-26
2023-05-04,팔달구,생필품 요금(농산물 8),사과,"상품, 1개",2326 ,2023-05-26
2023-05-04,팔달구,생필품 요금(농산물 8),배,"상품, 1개",3407 ,2023-05-26
2023-05-04,팔달구,생필품 요금(농산물 8),배추,"2kg(중간크기), 1포기",4636 ,2023-05-26
2023-05-04,팔달구,생필품 요금(농산물 8),무,"1kg, 잎 없는것",1825 ,2023-05-26
2023-05-04,팔달구,생필품 요금(농산물 8),양파,"작은망(까지않은것 1.5kg), 1망",3872 ,2023-05-26
2023-05-04,팔달구,생필품 요금(농산물 8),상추,"적상추 ,100g",1268 ,2023-05-26
2023-05-04,팔달구,생필품 요금(농산물 8),오이,"다다기오이,1개",815 ,2023-05-26
2023-05-04,팔달구,생필품 요금(농산물 8),호박,"애호박(중), 1개",1420 ,2023-05-26
2023-05-04,팔달구,축산물(4),쇠고기,"한우불고기(1등급), 600g",28168 ,2023-05-26
2023-05-04,팔달구,축산물(4),돼지고기,"생삼겹살(국내산), 600g",16204 ,2023-05-26
2023-05-04,팔달구,축산물(4),닭고기,"육계(국내산), 1마리(1kg)",8646 ,2023-05-26
2023-05-04,팔달구,축산물(4),달걀,"10개입, 1판 10개",3694 ,2023-05-26
2023-05-04,팔달구,수산물(4),갈치,"생물(60cm), 1마리",7572 ,2023-05-26
2023-05-04,팔달구,수산물(4),동태,"냉동, 1kg, 1마리",4188 ,2023-05-26
2023-05-04,팔달구,수산물(4),오징어,"물오징어(생물) 25cm, 1마리",4270 ,2023-05-26
2023-05-04,팔달구,수산물(4),고등어,"자반고등어 30cm,1마리",3360 ,2023-05-26
2023-05-04,영통구,개인서비스요금(외식비),설렁탕,1인분(보통),9250 ,2023-05-26
2023-05-04,영통구,개인서비스요금(외식비),냉면,"물냉면,1인분(보통)",7600 ,2023-05-26
2023-05-04,영통구,개인서비스요금(외식비),비빕밥,1인분(보통),7550 ,2023-05-26
2023-05-04,영통구,개인서비스요금(외식비),갈비탕,1인분(보통),12900 ,2023-05-26
2023-05-04,영통구,개인서비스요금(외식비),삼계탕,"닭 1마리,1인분(보통)",14300 ,2023-05-26
2023-05-04,영통구,개인서비스요금(외식비),김치찌개,1인분(보통),7750 ,2023-05-26
2023-05-04,영통구,개인서비스요금(외식비),된장찌개,1인분(보통),7350 ,2023-05-26
2023-05-04,영통구,개인서비스요금(외식비),불고기,"쇠고기 200g(국내산육우), 공기밥 제외",17450 ,2023-05-26
2023-05-04,영통구,개인서비스요금(외식비),삼겹살(외식),"돼지고기 200g(국내산), 공기밥 제외",15056 ,2023-05-26
2023-05-04,영통구,개인서비스요금(외식비),등심구이(외식),"쇠고기 200g(한우, 1+), 1인분",41229 ,2023-05-26
2023-05-04,영통구,개인서비스요금(외식비),돼지갈비(외식),국내산 200g,14959 ,2023-05-26
2023-05-04,영통구,개인서비스요금(외식비),짜장면,중화요리점 1그릇(보통),6100 ,2023-05-26
2023-05-04,영통구,개인서비스요금(외식비),짬뽕,중화요리점 1그릇(보통),8050 ,2023-05-26
2023-05-04,영통구,개인서비스요금(외식비),탕수육,"중화요리점 1그릇(중, 돼지고기)",20200 ,2023-05-26
2023-05-04,영통구,개인서비스요금(외식비),생선초밥,"일식집 1인분, 활어기준",16314 ,2023-05-26
2023-05-04,영통구,개인서비스요금(외식비),돈까스,"돈까스(국내산) 식당, 1인분",9000 ,2023-05-26
2023-05-04,영통구,개인서비스요금(외식비),햄버거,"전문점, 불고기 버거 1개",4344 ,2023-05-26
2023-05-04,영통구,개인서비스요금(외식비),피자,"전문점, 불고기 피자, 기본형(레귤러)",16680 ,2023-05-26
2023-05-04,영통구,개인서비스요금(외식비),커피(외식),"커피전문점, 일반 원두커피 1잔",3340 ,2023-05-26
2023-05-04,영통구,개인서비스요금(외식비),국산차(외식),녹차 1잔,3889 ,2023-05-26
2023-05-04,영통구,개인서비스요금(외식비),치킨,"튀김통닭, 후라이드",16200 ,2023-05-26
2023-05-04,영통구,개인서비스요금(외식비),칼국수,칼국수 전문점 1그릇,7650 ,2023-05-26
2023-05-04,영통구,개인서비스요금(외식비),조리라면(외식),분식집 1인분,3650 ,2023-05-26
2023-05-04,영통구,개인서비스요금(외식비),김밥,"일반김밥, 1줄",3100 ,2023-05-26
2023-05-04,영통구,"(세탁업,이미용업,숙박업등)",세탁료,"신사복, 상하 드라이클리닝 1회",7250 ,2023-05-26
2023-05-04,영통구,"(세탁업,이미용업,숙박업등)",의복수선료,"신사복 하의길의 수단(바지밑단줄임), 1회",4700 ,2023-05-26
2023-05-04,영통구,"(세탁업,이미용업,숙박업등)",목욕료,"일반 대중탕, 성인1회",9000 ,2023-05-26
2023-05-04,영통구,"(세탁업,이미용업,숙박업등)",이용료,"성인남성이발, 중류급 1회",11900 ,2023-05-26
2023-05-04,영통구,"(세탁업,이미용업,숙박업등)",미용료(커트),"성인여자커트, 중류급 1회(주택,아파트단지 등 일반업소)",16800 ,2023-05-26
2023-05-04,영통구,"(세탁업,이미용업,숙박업등)",미용료(파마),"성인여자 기본, 중류급 1회(주택,아파트단지 등 일반업소_)",48500 ,2023-05-26
2023-05-04,영통구,"(세탁업,이미용업,숙박업등)",찜질방이용료,성인1회(찜질복 대여료 포함),10333 ,2023-05-26
2023-05-04,영통구,"(세탁업,이미용업,숙박업등)",숙박(호텔),관광호텔 1급 기준 대여료 포함,118237 ,2023-05-26
2023-05-04,영통구,"(세탁업,이미용업,숙박업등)",숙박(여관),"갑류, 독방 1박, 욕실부설, 1일",42500 ,2023-05-26
2023-05-04,영통구,"(세탁업,이미용업,숙박업등)",콘도이용료,"약 82.65㎡ 회원기준,1일 사용기준",,2023-05-26
2023-05-04,영통구,개인서비스요금(기타),영화관람료,"주중 상영시간, 1매(입장세 및 문예진흥기금 포함)",14000 ,2023-05-26
2023-05-04,영통구,개인서비스요금(기타),수영장이용료,"성인일반 입장료(체육기금포함),1회",4000 ,2023-05-26
2023-05-04,영통구,개인서비스요금(기타),볼링장이용료,"일반인, 평일 오후시간(신발제외), 1시간",6067 ,2023-05-26
2023-05-04,영통구,개인서비스요금(기타),골프연습장이용료,"초급반(남자),회비 레슨비(진흥기금 포함,의복 및 신발제외), 1개월",315000 ,2023-05-26
2023-05-04,영통구,개인서비스요금(기타),노래방이용료,"일반인, 저녁시간대,일반실,1시간",28000 ,2023-05-26
2023-05-04,영통구,개인서비스요금(기타),당구장이용료,"쿠션 당구대, 일반인, 저녁시간 1시간",10250 ,2023-05-26
2023-05-04,영통구,개인서비스요금(기타),운동경기관람료,"성인 경기입장료(축구,야구 등), 1회",,2023-05-26
2023-05-04,영통구,개인서비스요금(기타),PC방 이용료,기본시간 1회,1134 ,2023-05-26
2023-05-04,영통구,개인서비스요금(기타),택배수수료,"무게 20kg이하, 타지역 1개",8400 ,2023-05-26
2023-05-04,영통구,개인서비스요금(기타),사진촬영료,"반명함판 컬러 3*4㎝, 1조(8매)",24396 ,2023-05-26
2023-05-04,영통구,개인서비스요금(기타),사진인화료,"디지털 사진인화요금(현상료 포함), 1매",667 ,2023-05-26
2023-05-04,영통구,개인서비스요금(기타),공동주택관리비,"아파트, 개별부담금 제외한 전금액",155434 ,2023-05-26
2023-05-04,영통구,생필품 요금(농산물 8),사과,"상품, 1개",1988 ,2023-05-26
2023-05-04,영통구,생필품 요금(농산물 8),배,"상품, 1개",2711 ,2023-05-26
2023-05-04,영통구,생필품 요금(농산물 8),배추,"2kg(중간크기), 1포기",3932 ,2023-05-26
2023-05-04,영통구,생필품 요금(농산물 8),무,"1kg, 잎 없는것",1939 ,2023-05-26
2023-05-04,영통구,생필품 요금(농산물 8),양파,"작은망(까지않은것 1.5kg), 1망",3872 ,2023-05-26
2023-05-04,영통구,생필품 요금(농산물 8),상추,"적상추 ,100g",1691 ,2023-05-26
2023-05-04,영통구,생필품 요금(농산물 8),오이,"다다기오이,1개",820 ,2023-05-26
2023-05-04,영통구,생필품 요금(농산물 8),호박,"애호박(중), 1개",1772 ,2023-05-26
2023-05-04,영통구,축산물(4),쇠고기,"한우불고기(1등급), 600g",33098 ,2023-05-26
2023-05-04,영통구,축산물(4),돼지고기,"생삼겹살(국내산), 600g",16913 ,2023-05-26
2023-05-04,영통구,축산물(4),닭고기,"육계(국내산), 1마리(1kg)",8562 ,2023-05-26
2023-05-04,영통구,축산물(4),달걀,"10개입, 1판 10개",3814 ,2023-05-26
2023-05-04,영통구,수산물(4),갈치,"생물(60cm), 1마리",8563 ,2023-05-26
2023-05-04,영통구,수산물(4),동태,"냉동, 1kg, 1마리",4032 ,2023-05-26
2023-05-04,영통구,수산물(4),오징어,"물오징어(생물) 25cm, 1마리",3935 ,2023-05-26
2023-05-04,영통구,수산물(4),고등어,"자반고등어 30cm,1마리",3748 ,2023-05-26
2023-05-14,장안구,개인서비스요금(외식비),설렁탕,1인분(보통),8750 ,2023-05-26
2023-05-14,장안구,개인서비스요금(외식비),냉면,"물냉면,1인분(보통)",7400 ,2023-05-26
2023-05-14,장안구,개인서비스요금(외식비),비빕밥,1인분(보통),7550 ,2023-05-26
2023-05-14,장안구,개인서비스요금(외식비),갈비탕,1인분(보통),12900 ,2023-05-26
2023-05-14,장안구,개인서비스요금(외식비),삼계탕,"닭 1마리,1인분(보통)",14889 ,2023-05-26
2023-05-14,장안구,개인서비스요금(외식비),김치찌개,1인분(보통),7350 ,2023-05-26
2023-05-14,장안구,개인서비스요금(외식비),된장찌개,1인분(보통),7350 ,2023-05-26
2023-05-14,장안구,개인서비스요금(외식비),불고기,"쇠고기 200g(국내산육우), 공기밥 제외",12500 ,2023-05-26
2023-05-14,장안구,개인서비스요금(외식비),삼겹살(외식),"돼지고기 200g(국내산), 공기밥 제외",14190 ,2023-05-26
2023-05-14,장안구,개인서비스요금(외식비),등심구이(외식),"쇠고기 200g(한우, 1+), 1인분",51493 ,2023-05-26
2023-05-14,장안구,개인서비스요금(외식비),돼지갈비(외식),국내산 200g,13840 ,2023-05-26
2023-05-14,장안구,개인서비스요금(외식비),짜장면,중화요리점 1그릇(보통),6350 ,2023-05-26
2023-05-14,장안구,개인서비스요금(외식비),짬뽕,중화요리점 1그릇(보통),7900 ,2023-05-26
2023-05-14,장안구,개인서비스요금(외식비),탕수육,"중화요리점 1그릇(중, 돼지고기)",21390 ,2023-05-26
2023-05-14,장안구,개인서비스요금(외식비),생선초밥,"일식집 1인분, 활어기준",12570 ,2023-05-26
2023-05-14,장안구,개인서비스요금(외식비),돈까스,"돈까스(국내산) 식당, 1인분",8180 ,2023-05-26
2023-05-14,장안구,개인서비스요금(외식비),햄버거,"전문점, 불고기 버거 1개",3725 ,2023-05-26
2023-05-14,장안구,개인서비스요금(외식비),피자,"전문점, 불고기 피자, 기본형(레귤러)",14670 ,2023-05-26
2023-05-14,장안구,개인서비스요금(외식비),커피(외식),"커피전문점, 일반 원두커피 1잔",3330 ,2023-05-26
2023-05-14,장안구,개인서비스요금(외식비),국산차(외식),녹차 1잔,4170 ,2023-05-26
2023-05-14,장안구,개인서비스요금(외식비),치킨,"튀김통닭, 후라이드",17180 ,2023-05-26
2023-05-14,장안구,개인서비스요금(외식비),칼국수,칼국수 전문점 1그릇,7950 ,2023-05-26
2023-05-14,장안구,개인서비스요금(외식비),조리라면(외식),분식집 1인분,3950 ,2023-05-26
2023-05-14,장안구,개인서비스요금(외식비),김밥,"일반김밥, 1줄",3080 ,2023-05-26
2023-05-14,장안구,"(세탁업,이미용업,숙박업등)",세탁료,"신사복, 상하 드라이클리닝 1회",7240 ,2023-05-26
2023-05-14,장안구,"(세탁업,이미용업,숙박업등)",의복수선료,"신사복 하의길의 수단(바지밑단줄임), 1회",5100 ,2023-05-26
2023-05-14,장안구,"(세탁업,이미용업,숙박업등)",목욕료,"일반 대중탕, 성인1회",8375 ,2023-05-26
2023-05-14,장안구,"(세탁업,이미용업,숙박업등)",이용료,"성인남성이발, 중류급 1회",11200 ,2023-05-26
2023-05-14,장안구,"(세탁업,이미용업,숙박업등)",미용료(커트),"성인여자커트, 중류급 1회(주택,아파트단지 등 일반업소)",17200 ,2023-05-26
2023-05-14,장안구,"(세탁업,이미용업,숙박업등)",미용료(파마),"성인여자 기본, 중류급 1회(주택,아파트단지 등 일반업소_)",45000 ,2023-05-26
2023-05-14,장안구,"(세탁업,이미용업,숙박업등)",찜질방이용료,성인1회(찜질복 대여료 포함),11167 ,2023-05-26
2023-05-14,장안구,"(세탁업,이미용업,숙박업등)",숙박(호텔),관광호텔 1급 기준 대여료 포함,,2023-05-26
2023-05-14,장안구,"(세탁업,이미용업,숙박업등)",숙박(여관),"갑류, 독방 1박, 욕실부설, 1일",38833 ,2023-05-26
2023-05-14,장안구,"(세탁업,이미용업,숙박업등)",콘도이용료,"약 82.65㎡ 회원기준,1일 사용기준",,2023-05-26
2023-05-14,장안구,개인서비스요금(기타),영화관람료,"주중 상영시간, 1매(입장세 및 문예진흥기금 포함)",14000 ,2023-05-26
2023-05-14,장안구,개인서비스요금(기타),수영장이용료,"성인일반 입장료(체육기금포함),1회",10000 ,2023-05-26
2023-05-14,장안구,개인서비스요금(기타),볼링장이용료,"일반인, 평일 오후시간(신발제외), 1시간",4375 ,2023-05-26
2023-05-14,장안구,개인서비스요금(기타),골프연습장이용료,"초급반(남자),회비 레슨비(진흥기금 포함,의복 및 신발제외), 1개월",221400 ,2023-05-26
2023-05-14,장안구,개인서비스요금(기타),노래방이용료,"일반인, 저녁시간대,일반실,1시간",29200 ,2023-05-26
2023-05-14,장안구,개인서비스요금(기타),당구장이용료,"쿠션 당구대, 일반인, 저녁시간 1시간",8820 ,2023-05-26
2023-05-14,장안구,개인서비스요금(기타),운동경기관람료,"성인 경기입장료(축구,야구 등), 1회",12000 ,2023-05-26
2023-05-14,장안구,개인서비스요금(기타),PC방 이용료,기본시간 1회,1356 ,2023-05-26
2023-05-14,장안구,개인서비스요금(기타),택배수수료,"무게 20kg이하, 타지역 1개",7567 ,2023-05-26
2023-05-14,장안구,개인서비스요금(기타),사진촬영료,"반명함판 컬러 3*4㎝, 1조(8매)",20778 ,2023-05-26
2023-05-14,장안구,개인서비스요금(기타),사진인화료,"디지털 사진인화요금(현상료 포함), 1매",813 ,2023-05-26
2023-05-14,장안구,개인서비스요금(기타),공동주택관리비,"아파트, 개별부담금 제외한 전금액",127520 ,2023-05-26
2023-05-14,장안구,생필품 요금(농산물 8),사과,"상품, 1개",2247 ,2023-05-26
2023-05-14,장안구,생필품 요금(농산물 8),배,"상품, 1개",2894 ,2023-05-26
2023-05-14,장안구,생필품 요금(농산물 8),배추,"2kg(중간크기), 1포기",4446 ,2023-05-26
2023-05-14,장안구,생필품 요금(농산물 8),무,"1kg, 잎 없는것",1945 ,2023-05-26
2023-05-14,장안구,생필품 요금(농산물 8),양파,"작은망(까지않은것 1.5kg), 1망",4230 ,2023-05-26
2023-05-14,장안구,생필품 요금(농산물 8),상추,"적상추 ,100g",1210 ,2023-05-26
2023-05-14,장안구,생필품 요금(농산물 8),오이,"다다기오이,1개",668 ,2023-05-26
2023-05-14,장안구,생필품 요금(농산물 8),호박,"애호박(중), 1개",1478 ,2023-05-26
2023-05-14,장안구,축산물(4),쇠고기,"한우불고기(1등급), 600g",29764 ,2023-05-26
2023-05-14,장안구,축산물(4),돼지고기,"생삼겹살(국내산), 600g",17078 ,2023-05-26
2023-05-14,장안구,축산물(4),닭고기,"육계(국내산), 1마리(1kg)",8897 ,2023-05-26
2023-05-14,장안구,축산물(4),달걀,"10개입, 1판 10개",3947 ,2023-05-26
2023-05-14,장안구,수산물(4),갈치,"생물(60cm), 1마리",7740 ,2023-05-26
2023-05-14,장안구,수산물(4),동태,"냉동, 1kg, 1마리",3050 ,2023-05-26
2023-05-14,장안구,수산물(4),오징어,"물오징어(생물) 25cm, 1마리",4335 ,2023-05-26
2023-05-14,장안구,수산물(4),고등어,"자반고등어 30cm,1마리",3974 ,2023-05-26
2023-05-14,권선구,개인서비스요금(외식비),설렁탕,1인분(보통),9722 ,2023-05-26
2023-05-14,권선구,개인서비스요금(외식비),냉면,"물냉면,1인분(보통)",7300 ,2023-05-26
2023-05-14,권선구,개인서비스요금(외식비),비빕밥,1인분(보통),7750 ,2023-05-26
2023-05-14,권선구,개인서비스요금(외식비),갈비탕,1인분(보통),13500 ,2023-05-26
2023-05-14,권선구,개인서비스요금(외식비),삼계탕,"닭 1마리,1인분(보통)",14700 ,2023-05-26
2023-05-14,권선구,개인서비스요금(외식비),김치찌개,1인분(보통),8250 ,2023-05-26
2023-05-14,권선구,개인서비스요금(외식비),된장찌개,1인분(보통),8050 ,2023-05-26
2023-05-14,권선구,개인서비스요금(외식비),불고기,"쇠고기 200g(국내산육우), 공기밥 제외",15022 ,2023-05-26
2023-05-14,권선구,개인서비스요금(외식비),삼겹살(외식),"돼지고기 200g(국내산), 공기밥 제외",14770 ,2023-05-26
2023-05-14,권선구,개인서비스요금(외식비),등심구이(외식),"쇠고기 200g(한우, 1+), 1인분",34894 ,2023-05-26
2023-05-14,권선구,개인서비스요금(외식비),돼지갈비(외식),국내산 200g,13936 ,2023-05-26
2023-05-14,권선구,개인서비스요금(외식비),짜장면,중화요리점 1그릇(보통),6000 ,2023-05-26
2023-05-14,권선구,개인서비스요금(외식비),짬뽕,중화요리점 1그릇(보통),7900 ,2023-05-26
2023-05-14,권선구,개인서비스요금(외식비),탕수육,"중화요리점 1그릇(중, 돼지고기)",23550 ,2023-05-26
2023-05-14,권선구,개인서비스요금(외식비),생선초밥,"일식집 1인분, 활어기준",17000 ,2023-05-26
2023-05-14,권선구,개인서비스요금(외식비),돈까스,"돈까스(국내산) 식당, 1인분",9290 ,2023-05-26
2023-05-14,권선구,개인서비스요금(외식비),햄버거,"전문점, 불고기 버거 1개",4140 ,2023-05-26
2023-05-14,권선구,개인서비스요금(외식비),피자,"전문점, 불고기 피자, 기본형(레귤러)",15810 ,2023-05-26
2023-05-14,권선구,개인서비스요금(외식비),커피(외식),"커피전문점, 일반 원두커피 1잔",2920 ,2023-05-26
2023-05-14,권선구,개인서비스요금(외식비),국산차(외식),녹차 1잔,4120 ,2023-05-26
2023-05-14,권선구,개인서비스요금(외식비),치킨,"튀김통닭, 후라이드",16840 ,2023-05-26
2023-05-14,권선구,개인서비스요금(외식비),칼국수,칼국수 전문점 1그릇,8000 ,2023-05-26
2023-05-14,권선구,개인서비스요금(외식비),조리라면(외식),분식집 1인분,3810 ,2023-05-26
2023-05-14,권선구,개인서비스요금(외식비),김밥,"일반김밥, 1줄",2880 ,2023-05-26
2023-05-14,권선구,"(세탁업,이미용업,숙박업등)",세탁료,"신사복, 상하 드라이클리닝 1회",7370 ,2023-05-26
2023-05-14,권선구,"(세탁업,이미용업,숙박업등)",의복수선료,"신사복 하의길의 수단(바지밑단줄임), 1회",4300 ,2023-05-26
2023-05-14,권선구,"(세탁업,이미용업,숙박업등)",목욕료,"일반 대중탕, 성인1회",8556 ,2023-05-26
2023-05-14,권선구,"(세탁업,이미용업,숙박업등)",이용료,"성인남성이발, 중류급 1회",11000 ,2023-05-26
2023-05-14,권선구,"(세탁업,이미용업,숙박업등)",미용료(커트),"성인여자커트, 중류급 1회(주택,아파트단지 등 일반업소)",14900 ,2023-05-26
2023-05-14,권선구,"(세탁업,이미용업,숙박업등)",미용료(파마),"성인여자 기본, 중류급 1회(주택,아파트단지 등 일반업소_)",42400 ,2023-05-26
2023-05-14,권선구,"(세탁업,이미용업,숙박업등)",찜질방이용료,성인1회(찜질복 대여료 포함),10833 ,2023-05-26
2023-05-14,권선구,"(세탁업,이미용업,숙박업등)",숙박(호텔),관광호텔 1급 기준 대여료 포함,70000 ,2023-05-26
2023-05-14,권선구,"(세탁업,이미용업,숙박업등)",숙박(여관),"갑류, 독방 1박, 욕실부설, 1일",43333 ,2023-05-26
2023-05-14,권선구,"(세탁업,이미용업,숙박업등)",콘도이용료,"약 82.65㎡ 회원기준,1일 사용기준",,2023-05-26
2023-05-14,권선구,개인서비스요금(기타),영화관람료,"주중 상영시간, 1매(입장세 및 문예진흥기금 포함)",14667 ,2023-05-26
2023-05-14,권선구,개인서비스요금(기타),수영장이용료,"성인일반 입장료(체육기금포함),1회",5333 ,2023-05-26
2023-05-14,권선구,개인서비스요금(기타),볼링장이용료,"일반인, 평일 오후시간(신발제외), 1시간",4480 ,2023-05-26
2023-05-14,권선구,개인서비스요금(기타),골프연습장이용료,"초급반(남자),회비 레슨비(진흥기금 포함,의복 및 신발제외), 1개월",237143 ,2023-05-26
2023-05-14,권선구,개인서비스요금(기타),노래방이용료,"일반인, 저녁시간대,일반실,1시간",30000 ,2023-05-26
2023-05-14,권선구,개인서비스요금(기타),당구장이용료,"쿠션 당구대, 일반인, 저녁시간 1시간",9800 ,2023-05-26
2023-05-14,권선구,개인서비스요금(기타),운동경기관람료,"성인 경기입장료(축구,야구 등), 1회",15000 ,2023-05-26
2023-05-14,권선구,개인서비스요금(기타),PC방 이용료,기본시간 1회,1156 ,2023-05-26
2023-05-14,권선구,개인서비스요금(기타),택배수수료,"무게 20kg이하, 타지역 1개",7160 ,2023-05-26
2023-05-14,권선구,개인서비스요금(기타),사진촬영료,"반명함판 컬러 3*4㎝, 1조(8매)",20667 ,2023-05-26
2023-05-14,권선구,개인서비스요금(기타),사진인화료,"디지털 사진인화요금(현상료 포함), 1매",622 ,2023-05-26
2023-05-14,권선구,개인서비스요금(기타),공동주택관리비,"아파트, 개별부담금 제외한 전금액",143283 ,2023-05-26
2023-05-14,권선구,생필품 요금(농산물 8),사과,"상품, 1개",1869 ,2023-05-26
2023-05-14,권선구,생필품 요금(농산물 8),배,"상품, 1개",2812 ,2023-05-26
2023-05-14,권선구,생필품 요금(농산물 8),배추,"2kg(중간크기), 1포기",4087 ,2023-05-26
2023-05-14,권선구,생필품 요금(농산물 8),무,"1kg, 잎 없는것",1869 ,2023-05-26
2023-05-14,권선구,생필품 요금(농산물 8),양파,"작은망(까지않은것 1.5kg), 1망",3556 ,2023-05-26
2023-05-14,권선구,생필품 요금(농산물 8),상추,"적상추 ,100g",1097 ,2023-05-26
2023-05-14,권선구,생필품 요금(농산물 8),오이,"다다기오이,1개",832 ,2023-05-26
2023-05-14,권선구,생필품 요금(농산물 8),호박,"애호박(중), 1개",1588 ,2023-05-26
2023-05-14,권선구,축산물(4),쇠고기,"한우불고기(1등급), 600g",24642 ,2023-05-26
2023-05-14,권선구,축산물(4),돼지고기,"생삼겹살(국내산), 600g",16925 ,2023-05-26
2023-05-14,권선구,축산물(4),닭고기,"육계(국내산), 1마리(1kg)",9102 ,2023-05-26
2023-05-14,권선구,축산물(4),달걀,"10개입, 1판 10개",4102 ,2023-05-26
2023-05-14,권선구,수산물(4),갈치,"생물(60cm), 1마리",12685 ,2023-05-26
2023-05-14,권선구,수산물(4),동태,"냉동, 1kg, 1마리",4736 ,2023-05-26
2023-05-14,권선구,수산물(4),오징어,"물오징어(생물) 25cm, 1마리",4187 ,2023-05-26
2023-05-14,권선구,수산물(4),고등어,"자반고등어 30cm,1마리",4566 ,2023-05-26
2023-05-14,팔달구,개인서비스요금(외식비),설렁탕,1인분(보통),9433 ,2023-05-26
2023-05-14,팔달구,개인서비스요금(외식비),냉면,"물냉면,1인분(보통)",8400 ,2023-05-26
2023-05-14,팔달구,개인서비스요금(외식비),비빕밥,1인분(보통),8000 ,2023-05-26
2023-05-14,팔달구,개인서비스요금(외식비),갈비탕,1인분(보통),12200 ,2023-05-26
2023-05-14,팔달구,개인서비스요금(외식비),삼계탕,"닭 1마리,1인분(보통)",14600 ,2023-05-26
2023-05-14,팔달구,개인서비스요금(외식비),김치찌개,1인분(보통),7100 ,2023-05-26
2023-05-14,팔달구,개인서비스요금(외식비),된장찌개,1인분(보통),6950 ,2023-05-26
2023-05-14,팔달구,개인서비스요금(외식비),불고기,"쇠고기 200g(국내산육우), 공기밥 제외",15750 ,2023-05-26
2023-05-14,팔달구,개인서비스요금(외식비),삼겹살(외식),"돼지고기 200g(국내산), 공기밥 제외",14709 ,2023-05-26
2023-05-14,팔달구,개인서비스요금(외식비),등심구이(외식),"쇠고기 200g(한우, 1+), 1인분",42656 ,2023-05-26
2023-05-14,팔달구,개인서비스요금(외식비),돼지갈비(외식),국내산 200g,14230 ,2023-05-26
2023-05-14,팔달구,개인서비스요금(외식비),짜장면,중화요리점 1그릇(보통),6350 ,2023-05-26
2023-05-14,팔달구,개인서비스요금(외식비),짬뽕,중화요리점 1그릇(보통),7900 ,2023-05-26
2023-05-14,팔달구,개인서비스요금(외식비),탕수육,"중화요리점 1그릇(중, 돼지고기)",22100 ,2023-05-26
2023-05-14,팔달구,개인서비스요금(외식비),생선초밥,"일식집 1인분, 활어기준",15357 ,2023-05-26
2023-05-14,팔달구,개인서비스요금(외식비),돈까스,"돈까스(국내산) 식당, 1인분",8822 ,2023-05-26
2023-05-14,팔달구,개인서비스요금(외식비),햄버거,"전문점, 불고기 버거 1개",4329 ,2023-05-26
2023-05-14,팔달구,개인서비스요금(외식비),피자,"전문점, 불고기 피자, 기본형(레귤러)",16830 ,2023-05-26
2023-05-14,팔달구,개인서비스요금(외식비),커피(외식),"커피전문점, 일반 원두커피 1잔",3680 ,2023-05-26
2023-05-14,팔달구,개인서비스요금(외식비),국산차(외식),녹차 1잔,4030 ,2023-05-26
2023-05-14,팔달구,개인서비스요금(외식비),치킨,"튀김통닭, 후라이드",17656 ,2023-05-26
2023-05-14,팔달구,개인서비스요금(외식비),칼국수,칼국수 전문점 1그릇,7150 ,2023-05-26
2023-05-14,팔달구,개인서비스요금(외식비),조리라면(외식),분식집 1인분,3778 ,2023-05-26
2023-05-14,팔달구,개인서비스요금(외식비),김밥,"일반김밥, 1줄",2950 ,2023-05-26
2023-05-14,팔달구,"(세탁업,이미용업,숙박업등)",세탁료,"신사복, 상하 드라이클리닝 1회",7267 ,2023-05-26
2023-05-14,팔달구,"(세탁업,이미용업,숙박업등)",의복수선료,"신사복 하의길의 수단(바지밑단줄임), 1회",4000 ,2023-05-26
2023-05-14,팔달구,"(세탁업,이미용업,숙박업등)",목욕료,"일반 대중탕, 성인1회",8667 ,2023-05-26
2023-05-14,팔달구,"(세탁업,이미용업,숙박업등)",이용료,"성인남성이발, 중류급 1회",12100 ,2023-05-26
2023-05-14,팔달구,"(세탁업,이미용업,숙박업등)",미용료(커트),"성인여자커트, 중류급 1회(주택,아파트단지 등 일반업소)",14800 ,2023-05-26
2023-05-14,팔달구,"(세탁업,이미용업,숙박업등)",미용료(파마),"성인여자 기본, 중류급 1회(주택,아파트단지 등 일반업소_)",44000 ,2023-05-26
2023-05-14,팔달구,"(세탁업,이미용업,숙박업등)",찜질방이용료,성인1회(찜질복 대여료 포함),10100 ,2023-05-26
2023-05-14,팔달구,"(세탁업,이미용업,숙박업등)",숙박(호텔),관광호텔 1급 기준 대여료 포함,170500 ,2023-05-26
2023-05-14,팔달구,"(세탁업,이미용업,숙박업등)",숙박(여관),"갑류, 독방 1박, 욕실부설, 1일",35714 ,2023-05-26
2023-05-14,팔달구,"(세탁업,이미용업,숙박업등)",콘도이용료,"약 82.65㎡ 회원기준,1일 사용기준",,2023-05-26
2023-05-14,팔달구,개인서비스요금(기타),영화관람료,"주중 상영시간, 1매(입장세 및 문예진흥기금 포함)",14333 ,2023-05-26
2023-05-14,팔달구,개인서비스요금(기타),수영장이용료,"성인일반 입장료(체육기금포함),1회",9250 ,2023-05-26
2023-05-14,팔달구,개인서비스요금(기타),볼링장이용료,"일반인, 평일 오후시간(신발제외), 1시간",5250 ,2023-05-26
2023-05-14,팔달구,개인서비스요금(기타),골프연습장이용료,"초급반(남자),회비 레슨비(진흥기금 포함,의복 및 신발제외), 1개월",175667 ,2023-05-26
2023-05-14,팔달구,개인서비스요금(기타),노래방이용료,"일반인, 저녁시간대,일반실,1시간",23800 ,2023-05-26
2023-05-14,팔달구,개인서비스요금(기타),당구장이용료,"쿠션 당구대, 일반인, 저녁시간 1시간",8575 ,2023-05-26
2023-05-14,팔달구,개인서비스요금(기타),운동경기관람료,"성인 경기입장료(축구,야구 등), 1회",14000 ,2023-05-26
2023-05-14,팔달구,개인서비스요금(기타),PC방 이용료,기본시간 1회,1156 ,2023-05-26
2023-05-14,팔달구,개인서비스요금(기타),택배수수료,"무게 20kg이하, 타지역 1개",6750 ,2023-05-26
2023-05-14,팔달구,개인서비스요금(기타),사진촬영료,"반명함판 컬러 3*4㎝, 1조(8매)",18125 ,2023-05-26
2023-05-14,팔달구,개인서비스요금(기타),사진인화료,"디지털 사진인화요금(현상료 포함), 1매",531 ,2023-05-26
2023-05-14,팔달구,개인서비스요금(기타),공동주택관리비,"아파트, 개별부담금 제외한 전금액",135662 ,2023-05-26
2023-05-14,팔달구,생필품 요금(농산물 8),사과,"상품, 1개",2262 ,2023-05-26
2023-05-14,팔달구,생필품 요금(농산물 8),배,"상품, 1개",3356 ,2023-05-26
2023-05-14,팔달구,생필품 요금(농산물 8),배추,"2kg(중간크기), 1포기",4739 ,2023-05-26
2023-05-14,팔달구,생필품 요금(농산물 8),무,"1kg, 잎 없는것",2034 ,2023-05-26
2023-05-14,팔달구,생필품 요금(농산물 8),양파,"작은망(까지않은것 1.5kg), 1망",3648 ,2023-05-26
2023-05-14,팔달구,생필품 요금(농산물 8),상추,"적상추 ,100g",1220 ,2023-05-26
2023-05-14,팔달구,생필품 요금(농산물 8),오이,"다다기오이,1개",779 ,2023-05-26
2023-05-14,팔달구,생필품 요금(농산물 8),호박,"애호박(중), 1개",1567 ,2023-05-26
2023-05-14,팔달구,축산물(4),쇠고기,"한우불고기(1등급), 600g",29218 ,2023-05-26
2023-05-14,팔달구,축산물(4),돼지고기,"생삼겹살(국내산), 600g",17936 ,2023-05-26
2023-05-14,팔달구,축산물(4),닭고기,"육계(국내산), 1마리(1kg)",8449 ,2023-05-26
2023-05-14,팔달구,축산물(4),달걀,"10개입, 1판 10개",3784 ,2023-05-26
2023-05-14,팔달구,수산물(4),갈치,"생물(60cm), 1마리",8197 ,2023-05-26
2023-05-14,팔달구,수산물(4),동태,"냉동, 1kg, 1마리",3356 ,2023-05-26
2023-05-14,팔달구,수산물(4),오징어,"물오징어(생물) 25cm, 1마리",4275 ,2023-05-26
2023-05-14,팔달구,수산물(4),고등어,"자반고등어 30cm,1마리",3544 ,2023-05-26
2023-05-14,영통구,개인서비스요금(외식비),설렁탕,1인분(보통),9600 ,2023-05-26
2023-05-14,영통구,개인서비스요금(외식비),냉면,"물냉면,1인분(보통)",7900 ,2023-05-26
2023-05-14,영통구,개인서비스요금(외식비),비빕밥,1인분(보통),7850 ,2023-05-26
2023-05-14,영통구,개인서비스요금(외식비),갈비탕,1인분(보통),13000 ,2023-05-26
2023-05-14,영통구,개인서비스요금(외식비),삼계탕,"닭 1마리,1인분(보통)",14400 ,2023-05-26
2023-05-14,영통구,개인서비스요금(외식비),김치찌개,1인분(보통),8000 ,2023-05-26
2023-05-14,영통구,개인서비스요금(외식비),된장찌개,1인분(보통),7625 ,2023-05-26
2023-05-14,영통구,개인서비스요금(외식비),불고기,"쇠고기 200g(국내산육우), 공기밥 제외",17771 ,2023-05-26
2023-05-14,영통구,개인서비스요금(외식비),삼겹살(외식),"돼지고기 200g(국내산), 공기밥 제외",15329 ,2023-05-26
2023-05-14,영통구,개인서비스요금(외식비),등심구이(외식),"쇠고기 200g(한우, 1+), 1인분",41834 ,2023-05-26
2023-05-14,영통구,개인서비스요금(외식비),돼지갈비(외식),국내산 200g,15322 ,2023-05-26
2023-05-14,영통구,개인서비스요금(외식비),짜장면,중화요리점 1그릇(보통),6050 ,2023-05-26
2023-05-14,영통구,개인서비스요금(외식비),짬뽕,중화요리점 1그릇(보통),7950 ,2023-05-26
2023-05-14,영통구,개인서비스요금(외식비),탕수육,"중화요리점 1그릇(중, 돼지고기)",20000 ,2023-05-26
2023-05-14,영통구,개인서비스요금(외식비),생선초밥,"일식집 1인분, 활어기준",16314 ,2023-05-26
2023-05-14,영통구,개인서비스요금(외식비),돈까스,"돈까스(국내산) 식당, 1인분",9260 ,2023-05-26
2023-05-14,영통구,개인서비스요금(외식비),햄버거,"전문점, 불고기 버거 1개",4289 ,2023-05-26
2023-05-14,영통구,개인서비스요금(외식비),피자,"전문점, 불고기 피자, 기본형(레귤러)",16267 ,2023-05-26
2023-05-14,영통구,개인서비스요금(외식비),커피(외식),"커피전문점, 일반 원두커피 1잔",3340 ,2023-05-26
2023-05-14,영통구,개인서비스요금(외식비),국산차(외식),녹차 1잔,4033 ,2023-05-26
2023-05-14,영통구,개인서비스요금(외식비),치킨,"튀김통닭, 후라이드",17000 ,2023-05-26
2023-05-14,영통구,개인서비스요금(외식비),칼국수,칼국수 전문점 1그릇,7611 ,2023-05-26
2023-05-14,영통구,개인서비스요금(외식비),조리라면(외식),분식집 1인분,3650 ,2023-05-26
2023-05-14,영통구,개인서비스요금(외식비),김밥,"일반김밥, 1줄",3170 ,2023-05-26
2023-05-14,영통구,"(세탁업,이미용업,숙박업등)",세탁료,"신사복, 상하 드라이클리닝 1회",7050 ,2023-05-26
2023-05-14,영통구,"(세탁업,이미용업,숙박업등)",의복수선료,"신사복 하의길의 수단(바지밑단줄임), 1회",4800 ,2023-05-26
2023-05-14,영통구,"(세탁업,이미용업,숙박업등)",목욕료,"일반 대중탕, 성인1회",9000 ,2023-05-26
2023-05-14,영통구,"(세탁업,이미용업,숙박업등)",이용료,"성인남성이발, 중류급 1회",11778 ,2023-05-26
2023-05-14,영통구,"(세탁업,이미용업,숙박업등)",미용료(커트),"성인여자커트, 중류급 1회(주택,아파트단지 등 일반업소)",16100 ,2023-05-26
2023-05-14,영통구,"(세탁업,이미용업,숙박업등)",미용료(파마),"성인여자 기본, 중류급 1회(주택,아파트단지 등 일반업소_)",46500 ,2023-05-26
2023-05-14,영통구,"(세탁업,이미용업,숙박업등)",찜질방이용료,성인1회(찜질복 대여료 포함),10333 ,2023-05-26
2023-05-14,영통구,"(세탁업,이미용업,숙박업등)",숙박(호텔),관광호텔 1급 기준 대여료 포함,123333 ,2023-05-26
2023-05-14,영통구,"(세탁업,이미용업,숙박업등)",숙박(여관),"갑류, 독방 1박, 욕실부설, 1일",65000 ,2023-05-26
2023-05-14,영통구,"(세탁업,이미용업,숙박업등)",콘도이용료,"약 82.65㎡ 회원기준,1일 사용기준",,2023-05-26
2023-05-14,영통구,개인서비스요금(기타),영화관람료,"주중 상영시간, 1매(입장세 및 문예진흥기금 포함)",14333 ,2023-05-26
2023-05-14,영통구,개인서비스요금(기타),수영장이용료,"성인일반 입장료(체육기금포함),1회",4000 ,2023-05-26
2023-05-14,영통구,개인서비스요금(기타),볼링장이용료,"일반인, 평일 오후시간(신발제외), 1시간",6067 ,2023-05-26
2023-05-14,영통구,개인서비스요금(기타),골프연습장이용료,"초급반(남자),회비 레슨비(진흥기금 포함,의복 및 신발제외), 1개월",305500 ,2023-05-26
2023-05-14,영통구,개인서비스요금(기타),노래방이용료,"일반인, 저녁시간대,일반실,1시간",27222 ,2023-05-26
2023-05-14,영통구,개인서비스요금(기타),당구장이용료,"쿠션 당구대, 일반인, 저녁시간 1시간",10125 ,2023-05-26
2023-05-14,영통구,개인서비스요금(기타),운동경기관람료,"성인 경기입장료(축구,야구 등), 1회",,2023-05-26
2023-05-14,영통구,개인서비스요금(기타),PC방 이용료,기본시간 1회,1157 ,2023-05-26
2023-05-14,영통구,개인서비스요금(기타),택배수수료,"무게 20kg이하, 타지역 1개",8310 ,2023-05-26
2023-05-14,영통구,개인서비스요금(기타),사진촬영료,"반명함판 컬러 3*4㎝, 1조(8매)",24396 ,2023-05-26
2023-05-14,영통구,개인서비스요금(기타),사진인화료,"디지털 사진인화요금(현상료 포함), 1매",667 ,2023-05-26
2023-05-14,영통구,개인서비스요금(기타),공동주택관리비,"아파트, 개별부담금 제외한 전금액",138414 ,2023-05-26
2023-05-14,영통구,생필품 요금(농산물 8),사과,"상품, 1개",2047 ,2023-05-26
2023-05-14,영통구,생필품 요금(농산물 8),배,"상품, 1개",2641 ,2023-05-26
2023-05-14,영통구,생필품 요금(농산물 8),배추,"2kg(중간크기), 1포기",3979 ,2023-05-26
2023-05-14,영통구,생필품 요금(농산물 8),무,"1kg, 잎 없는것",1775 ,2023-05-26
2023-05-14,영통구,생필품 요금(농산물 8),양파,"작은망(까지않은것 1.5kg), 1망",4072 ,2023-05-26
2023-05-14,영통구,생필품 요금(농산물 8),상추,"적상추 ,100g",1616 ,2023-05-26
2023-05-14,영통구,생필품 요금(농산물 8),오이,"다다기오이,1개",864 ,2023-05-26
2023-05-14,영통구,생필품 요금(농산물 8),호박,"애호박(중), 1개",1546 ,2023-05-26
2023-05-14,영통구,축산물(4),쇠고기,"한우불고기(1등급), 600g",29256 ,2023-05-26
2023-05-14,영통구,축산물(4),돼지고기,"생삼겹살(국내산), 600g",17749 ,2023-05-26
2023-05-14,영통구,축산물(4),닭고기,"육계(국내산), 1마리(1kg)",8835 ,2023-05-26
2023-05-14,영통구,축산물(4),달걀,"10개입, 1판 10개",3653 ,2023-05-26
2023-05-14,영통구,수산물(4),갈치,"생물(60cm), 1마리",9248 ,2023-05-26
2023-05-14,영통구,수산물(4),동태,"냉동, 1kg, 1마리",4340 ,2023-05-26
2023-05-14,영통구,수산물(4),오징어,"물오징어(생물) 25cm, 1마리",4080 ,2023-05-26
2023-05-14,영통구,수산물(4),고등어,"자반고등어 30cm,1마리",3641 ,2023-05-26
2023-05-24,장안구,개인서비스요금(외식비),설렁탕,1인분(보통),9125 ,2023-05-26
2023-05-24,장안구,개인서비스요금(외식비),냉면,"물냉면,1인분(보통)",7889 ,2023-05-26
2023-05-24,장안구,개인서비스요금(외식비),비빕밥,1인분(보통),7450 ,2023-05-26
2023-05-24,장안구,개인서비스요금(외식비),갈비탕,1인분(보통),11950 ,2023-05-26
2023-05-24,장안구,개인서비스요금(외식비),삼계탕,"닭 1마리,1인분(보통)",14556 ,2023-05-26
2023-05-24,장안구,개인서비스요금(외식비),김치찌개,1인분(보통),7450 ,2023-05-26
2023-05-24,장안구,개인서비스요금(외식비),된장찌개,1인분(보통),7150 ,2023-05-26
2023-05-24,장안구,개인서비스요금(외식비),불고기,"쇠고기 200g(국내산육우), 공기밥 제외",13938 ,2023-05-26
2023-05-24,장안구,개인서비스요금(외식비),삼겹살(외식),"돼지고기 200g(국내산), 공기밥 제외",15830 ,2023-05-26
2023-05-24,장안구,개인서비스요금(외식비),등심구이(외식),"쇠고기 200g(한우, 1+), 1인분",50403 ,2023-05-26
2023-05-24,장안구,개인서비스요금(외식비),돼지갈비(외식),국내산 200g,14966 ,2023-05-26
2023-05-24,장안구,개인서비스요금(외식비),짜장면,중화요리점 1그릇(보통),6350 ,2023-05-26
2023-05-24,장안구,개인서비스요금(외식비),짬뽕,중화요리점 1그릇(보통),8250 ,2023-05-26
2023-05-24,장안구,개인서비스요금(외식비),탕수육,"중화요리점 1그릇(중, 돼지고기)",22890 ,2023-05-26
2023-05-24,장안구,개인서비스요금(외식비),생선초밥,"일식집 1인분, 활어기준",13820 ,2023-05-26
2023-05-24,장안구,개인서비스요금(외식비),돈까스,"돈까스(국내산) 식당, 1인분",7600 ,2023-05-26
2023-05-24,장안구,개인서비스요금(외식비),햄버거,"전문점, 불고기 버거 1개",4525 ,2023-05-26
2023-05-24,장안구,개인서비스요금(외식비),피자,"전문점, 불고기 피자, 기본형(레귤러)",16790 ,2023-05-26
2023-05-24,장안구,개인서비스요금(외식비),커피(외식),"커피전문점, 일반 원두커피 1잔",2530 ,2023-05-26
2023-05-24,장안구,개인서비스요금(외식비),국산차(외식),녹차 1잔,3830 ,2023-05-26
2023-05-24,장안구,개인서비스요금(외식비),치킨,"튀김통닭, 후라이드",17430 ,2023-05-26
2023-05-24,장안구,개인서비스요금(외식비),칼국수,칼국수 전문점 1그릇,7550 ,2023-05-26
2023-05-24,장안구,개인서비스요금(외식비),조리라면(외식),분식집 1인분,4350 ,2023-05-26
2023-05-24,장안구,개인서비스요금(외식비),김밥,"일반김밥, 1줄",3100 ,2023-05-26
2023-05-24,장안구,"(세탁업,이미용업,숙박업등)",세탁료,"신사복, 상하 드라이클리닝 1회",7650 ,2023-05-26
2023-05-24,장안구,"(세탁업,이미용업,숙박업등)",의복수선료,"신사복 하의길의 수단(바지밑단줄임), 1회",4200 ,2023-05-26
2023-05-24,장안구,"(세탁업,이미용업,숙박업등)",목욕료,"일반 대중탕, 성인1회",8750 ,2023-05-26
2023-05-24,장안구,"(세탁업,이미용업,숙박업등)",이용료,"성인남성이발, 중류급 1회",11700 ,2023-05-26
2023-05-24,장안구,"(세탁업,이미용업,숙박업등)",미용료(커트),"성인여자커트, 중류급 1회(주택,아파트단지 등 일반업소)",12900 ,2023-05-26
2023-05-24,장안구,"(세탁업,이미용업,숙박업등)",미용료(파마),"성인여자 기본, 중류급 1회(주택,아파트단지 등 일반업소_)",38000 ,2023-05-26
2023-05-24,장안구,"(세탁업,이미용업,숙박업등)",찜질방이용료,성인1회(찜질복 대여료 포함),10875 ,2023-05-26
2023-05-24,장안구,"(세탁업,이미용업,숙박업등)",숙박(호텔),관광호텔 1급 기준 대여료 포함,,2023-05-26
2023-05-24,장안구,"(세탁업,이미용업,숙박업등)",숙박(여관),"갑류, 독방 1박, 욕실부설, 1일",40833 ,2023-05-26
2023-05-24,장안구,"(세탁업,이미용업,숙박업등)",콘도이용료,"약 82.65㎡ 회원기준,1일 사용기준",,2023-05-26
2023-05-24,장안구,개인서비스요금(기타),영화관람료,"주중 상영시간, 1매(입장세 및 문예진흥기금 포함)",13500 ,2023-05-26
2023-05-24,장안구,개인서비스요금(기타),수영장이용료,"성인일반 입장료(체육기금포함),1회",10000 ,2023-05-26
2023-05-24,장안구,개인서비스요금(기타),볼링장이용료,"일반인, 평일 오후시간(신발제외), 1시간",4375 ,2023-05-26
2023-05-24,장안구,개인서비스요금(기타),골프연습장이용료,"초급반(남자),회비 레슨비(진흥기금 포함,의복 및 신발제외), 1개월",234000 ,2023-05-26
2023-05-24,장안구,개인서비스요금(기타),노래방이용료,"일반인, 저녁시간대,일반실,1시간",29500 ,2023-05-26
2023-05-24,장안구,개인서비스요금(기타),당구장이용료,"쿠션 당구대, 일반인, 저녁시간 1시간",9480 ,2023-05-26
2023-05-24,장안구,개인서비스요금(기타),운동경기관람료,"성인 경기입장료(축구,야구 등), 1회",12000 ,2023-05-26
2023-05-24,장안구,개인서비스요금(기타),PC방 이용료,기본시간 1회,1230 ,2023-05-26
2023-05-24,장안구,개인서비스요금(기타),택배수수료,"무게 20kg이하, 타지역 1개",7650 ,2023-05-26
2023-05-24,장안구,개인서비스요금(기타),사진촬영료,"반명함판 컬러 3*4㎝, 1조(8매)",19333 ,2023-05-26
2023-05-24,장안구,개인서비스요금(기타),사진인화료,"디지털 사진인화요금(현상료 포함), 1매",488 ,2023-05-26
2023-05-24,장안구,개인서비스요금(기타),공동주택관리비,"아파트, 개별부담금 제외한 전금액",158122 ,2023-05-26
2023-05-24,장안구,생필품 요금(농산물 8),사과,"상품, 1개",1939 ,2023-05-26
2023-05-24,장안구,생필품 요금(농산물 8),배,"상품, 1개",2623 ,2023-05-26
2023-05-24,장안구,생필품 요금(농산물 8),배추,"2kg(중간크기), 1포기",4164 ,2023-05-26
2023-05-24,장안구,생필품 요금(농산물 8),무,"1kg, 잎 없는것",2224 ,2023-05-26
2023-05-24,장안구,생필품 요금(농산물 8),양파,"작은망(까지않은것 1.5kg), 1망",3736 ,2023-05-26
2023-05-24,장안구,생필품 요금(농산물 8),상추,"적상추 ,100g",1108 ,2023-05-26
2023-05-24,장안구,생필품 요금(농산물 8),오이,"다다기오이,1개",647 ,2023-05-26
2023-05-24,장안구,생필품 요금(농산물 8),호박,"애호박(중), 1개",1383 ,2023-05-26
2023-05-24,장안구,축산물(4),쇠고기,"한우불고기(1등급), 600g",30960 ,2023-05-26
2023-05-24,장안구,축산물(4),돼지고기,"생삼겹살(국내산), 600g",19388 ,2023-05-26
2023-05-24,장안구,축산물(4),닭고기,"육계(국내산), 1마리(1kg)",8901 ,2023-05-26
2023-05-24,장안구,축산물(4),달걀,"10개입, 1판 10개",3938 ,2023-05-26
2023-05-24,장안구,수산물(4),갈치,"생물(60cm), 1마리",8520 ,2023-05-26
2023-05-24,장안구,수산물(4),동태,"냉동, 1kg, 1마리",3200 ,2023-05-26
2023-05-24,장안구,수산물(4),오징어,"물오징어(생물) 25cm, 1마리",4593 ,2023-05-26
2023-05-24,장안구,수산물(4),고등어,"자반고등어 30cm,1마리",4080 ,2023-05-26
2023-05-24,권선구,개인서비스요금(외식비),설렁탕,1인분(보통),8850 ,2023-05-26
2023-05-24,권선구,개인서비스요금(외식비),냉면,"물냉면,1인분(보통)",7740 ,2023-05-26
2023-05-24,권선구,개인서비스요금(외식비),비빕밥,1인분(보통),7300 ,2023-05-26
2023-05-24,권선구,개인서비스요금(외식비),갈비탕,1인분(보통),12900 ,2023-05-26
2023-05-24,권선구,개인서비스요금(외식비),삼계탕,"닭 1마리,1인분(보통)",14300 ,2023-05-26
2023-05-24,권선구,개인서비스요금(외식비),김치찌개,1인분(보통),7550 ,2023-05-26
2023-05-24,권선구,개인서비스요금(외식비),된장찌개,1인분(보통),7250 ,2023-05-26
2023-05-24,권선구,개인서비스요금(외식비),불고기,"쇠고기 200g(국내산육우), 공기밥 제외",11090 ,2023-05-26
2023-05-24,권선구,개인서비스요금(외식비),삼겹살(외식),"돼지고기 200g(국내산), 공기밥 제외",15510 ,2023-05-26
2023-05-24,권선구,개인서비스요금(외식비),등심구이(외식),"쇠고기 200g(한우, 1+), 1인분",36014 ,2023-05-26
2023-05-24,권선구,개인서비스요금(외식비),돼지갈비(외식),국내산 200g,15452 ,2023-05-26
2023-05-24,권선구,개인서비스요금(외식비),짜장면,중화요리점 1그릇(보통),6350 ,2023-05-26
2023-05-24,권선구,개인서비스요금(외식비),짬뽕,중화요리점 1그릇(보통),8400 ,2023-05-26
2023-05-24,권선구,개인서비스요금(외식비),탕수육,"중화요리점 1그릇(중, 돼지고기)",23650 ,2023-05-26
2023-05-24,권선구,개인서비스요금(외식비),생선초밥,"일식집 1인분, 활어기준",13900 ,2023-05-26
2023-05-24,권선구,개인서비스요금(외식비),돈까스,"돈까스(국내산) 식당, 1인분",8940 ,2023-05-26
2023-05-24,권선구,개인서비스요금(외식비),햄버거,"전문점, 불고기 버거 1개",4080 ,2023-05-26
2023-05-24,권선구,개인서비스요금(외식비),피자,"전문점, 불고기 피자, 기본형(레귤러)",15670 ,2023-05-26
2023-05-24,권선구,개인서비스요금(외식비),커피(외식),"커피전문점, 일반 원두커피 1잔",3590 ,2023-05-26
2023-05-24,권선구,개인서비스요금(외식비),국산차(외식),녹차 1잔,4600 ,2023-05-26
2023-05-24,권선구,개인서비스요금(외식비),치킨,"튀김통닭, 후라이드",17400 ,2023-05-26
2023-05-24,권선구,개인서비스요금(외식비),칼국수,칼국수 전문점 1그릇,7390 ,2023-05-26
2023-05-24,권선구,개인서비스요금(외식비),조리라면(외식),분식집 1인분,4060 ,2023-05-26
2023-05-24,권선구,개인서비스요금(외식비),김밥,"일반김밥, 1줄",2980 ,2023-05-26
2023-05-24,권선구,"(세탁업,이미용업,숙박업등)",세탁료,"신사복, 상하 드라이클리닝 1회",8140 ,2023-05-26
2023-05-24,권선구,"(세탁업,이미용업,숙박업등)",의복수선료,"신사복 하의길의 수단(바지밑단줄임), 1회",4400 ,2023-05-26
2023-05-24,권선구,"(세탁업,이미용업,숙박업등)",목욕료,"일반 대중탕, 성인1회",7800 ,2023-05-26
2023-05-24,권선구,"(세탁업,이미용업,숙박업등)",이용료,"성인남성이발, 중류급 1회",11700 ,2023-05-26
2023-05-24,권선구,"(세탁업,이미용업,숙박업등)",미용료(커트),"성인여자커트, 중류급 1회(주택,아파트단지 등 일반업소)",15000 ,2023-05-26
2023-05-24,권선구,"(세탁업,이미용업,숙박업등)",미용료(파마),"성인여자 기본, 중류급 1회(주택,아파트단지 등 일반업소_)",47700 ,2023-05-26
2023-05-24,권선구,"(세탁업,이미용업,숙박업등)",찜질방이용료,성인1회(찜질복 대여료 포함),6500 ,2023-05-26
2023-05-24,권선구,"(세탁업,이미용업,숙박업등)",숙박(호텔),관광호텔 1급 기준 대여료 포함,7778 ,2023-05-26
2023-05-24,권선구,"(세탁업,이미용업,숙박업등)",숙박(여관),"갑류, 독방 1박, 욕실부설, 1일",16111 ,2023-05-26
2023-05-24,권선구,"(세탁업,이미용업,숙박업등)",콘도이용료,"약 82.65㎡ 회원기준,1일 사용기준",,2023-05-26
2023-05-24,권선구,개인서비스요금(기타),영화관람료,"주중 상영시간, 1매(입장세 및 문예진흥기금 포함)",4889 ,2023-05-26
2023-05-24,권선구,개인서비스요금(기타),수영장이용료,"성인일반 입장료(체육기금포함),1회",1600 ,2023-05-26
2023-05-24,권선구,개인서비스요금(기타),볼링장이용료,"일반인, 평일 오후시간(신발제외), 1시간",2489 ,2023-05-26
2023-05-24,권선구,개인서비스요금(기타),골프연습장이용료,"초급반(남자),회비 레슨비(진흥기금 포함,의복 및 신발제외), 1개월",155500 ,2023-05-26
2023-05-24,권선구,개인서비스요금(기타),노래방이용료,"일반인, 저녁시간대,일반실,1시간",30000 ,2023-05-26
2023-05-24,권선구,개인서비스요금(기타),당구장이용료,"쿠션 당구대, 일반인, 저녁시간 1시간",9100 ,2023-05-26
2023-05-24,권선구,개인서비스요금(기타),운동경기관람료,"성인 경기입장료(축구,야구 등), 1회",1667 ,2023-05-26
2023-05-24,권선구,개인서비스요금(기타),PC방 이용료,기본시간 1회,1040 ,2023-05-26
2023-05-24,권선구,개인서비스요금(기타),택배수수료,"무게 20kg이하, 타지역 1개",7190 ,2023-05-26
2023-05-24,권선구,개인서비스요금(기타),사진촬영료,"반명함판 컬러 3*4㎝, 1조(8매)",17200 ,2023-05-26
2023-05-24,권선구,개인서비스요금(기타),사진인화료,"디지털 사진인화요금(현상료 포함), 1매",620 ,2023-05-26
2023-05-24,권선구,개인서비스요금(기타),공동주택관리비,"아파트, 개별부담금 제외한 전금액",139194 ,2023-05-26
2023-05-24,권선구,생필품 요금(농산물 8),사과,"상품, 1개",1905 ,2023-05-26
2023-05-24,권선구,생필품 요금(농산물 8),배,"상품, 1개",2985 ,2023-05-26
2023-05-24,권선구,생필품 요금(농산물 8),배추,"2kg(중간크기), 1포기",4185 ,2023-05-26
2023-05-24,권선구,생필품 요금(농산물 8),무,"1kg, 잎 없는것",2161 ,2023-05-26
2023-05-24,권선구,생필품 요금(농산물 8),양파,"작은망(까지않은것 1.5kg), 1망",3152 ,2023-05-26
2023-05-24,권선구,생필품 요금(농산물 8),상추,"적상추 ,100g",968 ,2023-05-26
2023-05-24,권선구,생필품 요금(농산물 8),오이,"다다기오이,1개",829 ,2023-05-26
2023-05-24,권선구,생필품 요금(농산물 8),호박,"애호박(중), 1개",1498 ,2023-05-26
2023-05-24,권선구,축산물(4),쇠고기,"한우불고기(1등급), 600g",26444 ,2023-05-26
2023-05-24,권선구,축산물(4),돼지고기,"생삼겹살(국내산), 600g",16594 ,2023-05-26
2023-05-24,권선구,축산물(4),닭고기,"육계(국내산), 1마리(1kg)",8284 ,2023-05-26
2023-05-24,권선구,축산물(4),달걀,"10개입, 1판 10개",4302 ,2023-05-26
2023-05-24,권선구,수산물(4),갈치,"생물(60cm), 1마리",9958 ,2023-05-26
2023-05-24,권선구,수산물(4),동태,"냉동, 1kg, 1마리",4328 ,2023-05-26
2023-05-24,권선구,수산물(4),오징어,"물오징어(생물) 25cm, 1마리",4836 ,2023-05-26
2023-05-24,권선구,수산물(4),고등어,"자반고등어 30cm,1마리",4628 ,2023-05-26
2023-05-24,팔달구,개인서비스요금(외식비),설렁탕,1인분(보통),9222 ,2023-05-26
2023-05-24,팔달구,개인서비스요금(외식비),냉면,"물냉면,1인분(보통)",8450 ,2023-05-26
2023-05-24,팔달구,개인서비스요금(외식비),비빕밥,1인분(보통),8200 ,2023-05-26
2023-05-24,팔달구,개인서비스요금(외식비),갈비탕,1인분(보통),12100 ,2023-05-26
2023-05-24,팔달구,개인서비스요금(외식비),삼계탕,"닭 1마리,1인분(보통)",14800 ,2023-05-26
2023-05-24,팔달구,개인서비스요금(외식비),김치찌개,1인분(보통),7650 ,2023-05-26
2023-05-24,팔달구,개인서비스요금(외식비),된장찌개,1인분(보통),7300 ,2023-05-26
2023-05-24,팔달구,개인서비스요금(외식비),불고기,"쇠고기 200g(국내산육우), 공기밥 제외",16250 ,2023-05-26
2023-05-24,팔달구,개인서비스요금(외식비),삼겹살(외식),"돼지고기 200g(국내산), 공기밥 제외",14733 ,2023-05-26
2023-05-24,팔달구,개인서비스요금(외식비),등심구이(외식),"쇠고기 200g(한우, 1+), 1인분",40797 ,2023-05-26
2023-05-24,팔달구,개인서비스요금(외식비),돼지갈비(외식),국내산 200g,14420 ,2023-05-26
2023-05-24,팔달구,개인서비스요금(외식비),짜장면,중화요리점 1그릇(보통),6500 ,2023-05-26
2023-05-24,팔달구,개인서비스요금(외식비),짬뽕,중화요리점 1그릇(보통),8300 ,2023-05-26
2023-05-24,팔달구,개인서비스요금(외식비),탕수육,"중화요리점 1그릇(중, 돼지고기)",21700 ,2023-05-26
2023-05-24,팔달구,개인서비스요금(외식비),생선초밥,"일식집 1인분, 활어기준",16286 ,2023-05-26
2023-05-24,팔달구,개인서비스요금(외식비),돈까스,"돈까스(국내산) 식당, 1인분",8467 ,2023-05-26
2023-05-24,팔달구,개인서비스요금(외식비),햄버거,"전문점, 불고기 버거 1개",4400 ,2023-05-26
2023-05-24,팔달구,개인서비스요금(외식비),피자,"전문점, 불고기 피자, 기본형(레귤러)",16593 ,2023-05-26
2023-05-24,팔달구,개인서비스요금(외식비),커피(외식),"커피전문점, 일반 원두커피 1잔",3820 ,2023-05-26
2023-05-24,팔달구,개인서비스요금(외식비),국산차(외식),녹차 1잔,4220 ,2023-05-26
2023-05-24,팔달구,개인서비스요금(외식비),치킨,"튀김통닭, 후라이드",17444 ,2023-05-26
2023-05-24,팔달구,개인서비스요금(외식비),칼국수,칼국수 전문점 1그릇,6900 ,2023-05-26
2023-05-24,팔달구,개인서비스요금(외식비),조리라면(외식),분식집 1인분,3778 ,2023-05-26
2023-05-24,팔달구,개인서비스요금(외식비),김밥,"일반김밥, 1줄",2750 ,2023-05-26
2023-05-24,팔달구,"(세탁업,이미용업,숙박업등)",세탁료,"신사복, 상하 드라이클리닝 1회",7333 ,2023-05-26
2023-05-24,팔달구,"(세탁업,이미용업,숙박업등)",의복수선료,"신사복 하의길의 수단(바지밑단줄임), 1회",4200 ,2023-05-26
2023-05-24,팔달구,"(세탁업,이미용업,숙박업등)",목욕료,"일반 대중탕, 성인1회",8667 ,2023-05-26
2023-05-24,팔달구,"(세탁업,이미용업,숙박업등)",이용료,"성인남성이발, 중류급 1회",11600 ,2023-05-26
2023-05-24,팔달구,"(세탁업,이미용업,숙박업등)",미용료(커트),"성인여자커트, 중류급 1회(주택,아파트단지 등 일반업소)",15100 ,2023-05-26
2023-05-24,팔달구,"(세탁업,이미용업,숙박업등)",미용료(파마),"성인여자 기본, 중류급 1회(주택,아파트단지 등 일반업소_)",48000 ,2023-05-26
2023-05-24,팔달구,"(세탁업,이미용업,숙박업등)",찜질방이용료,성인1회(찜질복 대여료 포함),10100 ,2023-05-26
2023-05-24,팔달구,"(세탁업,이미용업,숙박업등)",숙박(호텔),관광호텔 1급 기준 대여료 포함,170500 ,2023-05-26
2023-05-24,팔달구,"(세탁업,이미용업,숙박업등)",숙박(여관),"갑류, 독방 1박, 욕실부설, 1일",30000 ,2023-05-26
2023-05-24,팔달구,"(세탁업,이미용업,숙박업등)",콘도이용료,"약 82.65㎡ 회원기준,1일 사용기준",,2023-05-26
2023-05-24,팔달구,개인서비스요금(기타),영화관람료,"주중 상영시간, 1매(입장세 및 문예진흥기금 포함)",13333 ,2023-05-26
2023-05-24,팔달구,개인서비스요금(기타),수영장이용료,"성인일반 입장료(체육기금포함),1회",9250 ,2023-05-26
2023-05-24,팔달구,개인서비스요금(기타),볼링장이용료,"일반인, 평일 오후시간(신발제외), 1시간",5750 ,2023-05-26
2023-05-24,팔달구,개인서비스요금(기타),골프연습장이용료,"초급반(남자),회비 레슨비(진흥기금 포함,의복 및 신발제외), 1개월",223333 ,2023-05-26
2023-05-24,팔달구,개인서비스요금(기타),노래방이용료,"일반인, 저녁시간대,일반실,1시간",24300 ,2023-05-26
2023-05-24,팔달구,개인서비스요금(기타),당구장이용료,"쿠션 당구대, 일반인, 저녁시간 1시간",8975 ,2023-05-26
2023-05-24,팔달구,개인서비스요금(기타),운동경기관람료,"성인 경기입장료(축구,야구 등), 1회",14000 ,2023-05-26
2023-05-24,팔달구,개인서비스요금(기타),PC방 이용료,기본시간 1회,1211 ,2023-05-26
2023-05-24,팔달구,개인서비스요금(기타),택배수수료,"무게 20kg이하, 타지역 1개",6750 ,2023-05-26
2023-05-24,팔달구,개인서비스요금(기타),사진촬영료,"반명함판 컬러 3*4㎝, 1조(8매)",17750 ,2023-05-26
2023-05-24,팔달구,개인서비스요금(기타),사진인화료,"디지털 사진인화요금(현상료 포함), 1매",619 ,2023-05-26
2023-05-24,팔달구,개인서비스요금(기타),공동주택관리비,"아파트, 개별부담금 제외한 전금액",132684 ,2023-05-26
2023-05-24,팔달구,생필품 요금(농산물 8),사과,"상품, 1개",2337 ,2023-05-26
2023-05-24,팔달구,생필품 요금(농산물 8),배,"상품, 1개",3272 ,2023-05-26
2023-05-24,팔달구,생필품 요금(농산물 8),배추,"2kg(중간크기), 1포기",4392 ,2023-05-26
2023-05-24,팔달구,생필품 요금(농산물 8),무,"1kg, 잎 없는것",1863 ,2023-05-26
2023-05-24,팔달구,생필품 요금(농산물 8),양파,"작은망(까지않은것 1.5kg), 1망",3896 ,2023-05-26
2023-05-24,팔달구,생필품 요금(농산물 8),상추,"적상추 ,100g",1202 ,2023-05-26
2023-05-24,팔달구,생필품 요금(농산물 8),오이,"다다기오이,1개",662 ,2023-05-26
2023-05-24,팔달구,생필품 요금(농산물 8),호박,"애호박(중), 1개",1244 ,2023-05-26
2023-05-24,팔달구,축산물(4),쇠고기,"한우불고기(1등급), 600g",30028 ,2023-05-26
2023-05-24,팔달구,축산물(4),돼지고기,"생삼겹살(국내산), 600g",16218 ,2023-05-26
2023-05-24,팔달구,축산물(4),닭고기,"육계(국내산), 1마리(1kg)",8884 ,2023-05-26
2023-05-24,팔달구,축산물(4),달걀,"10개입, 1판 10개",3632 ,2023-05-26
2023-05-24,팔달구,수산물(4),갈치,"생물(60cm), 1마리",7599 ,2023-05-26
2023-05-24,팔달구,수산물(4),동태,"냉동, 1kg, 1마리",3573 ,2023-05-26
2023-05-24,팔달구,수산물(4),오징어,"물오징어(생물) 25cm, 1마리",4252 ,2023-05-26
2023-05-24,팔달구,수산물(4),고등어,"자반고등어 30cm,1마리",3489 ,2023-05-26
2023-05-24,영통구,개인서비스요금(외식비),설렁탕,1인분(보통),9450 ,2023-05-26
2023-05-24,영통구,개인서비스요금(외식비),냉면,"물냉면,1인분(보통)",7611 ,2023-05-26
2023-05-24,영통구,개인서비스요금(외식비),비빕밥,1인분(보통),7850 ,2023-05-26
2023-05-24,영통구,개인서비스요금(외식비),갈비탕,1인분(보통),13300 ,2023-05-26
2023-05-24,영통구,개인서비스요금(외식비),삼계탕,"닭 1마리,1인분(보통)",14000 ,2023-05-26
2023-05-24,영통구,개인서비스요금(외식비),김치찌개,1인분(보통),7750 ,2023-05-26
2023-05-24,영통구,개인서비스요금(외식비),된장찌개,1인분(보통),7444 ,2023-05-26
2023-05-24,영통구,개인서비스요금(외식비),불고기,"쇠고기 200g(국내산육우), 공기밥 제외",17771 ,2023-05-26
2023-05-24,영통구,개인서비스요금(외식비),삼겹살(외식),"돼지고기 200g(국내산), 공기밥 제외",15089 ,2023-05-26
2023-05-24,영통구,개인서비스요금(외식비),등심구이(외식),"쇠고기 200g(한우, 1+), 1인분",41286 ,2023-05-26
2023-05-24,영통구,개인서비스요금(외식비),돼지갈비(외식),국내산 200g,15371 ,2023-05-26
2023-05-24,영통구,개인서비스요금(외식비),짜장면,중화요리점 1그릇(보통),6300 ,2023-05-26
2023-05-24,영통구,개인서비스요금(외식비),짬뽕,중화요리점 1그릇(보통),8300 ,2023-05-26
2023-05-24,영통구,개인서비스요금(외식비),탕수육,"중화요리점 1그릇(중, 돼지고기)",20333 ,2023-05-26
2023-05-24,영통구,개인서비스요금(외식비),생선초밥,"일식집 1인분, 활어기준",16014 ,2023-05-26
2023-05-24,영통구,개인서비스요금(외식비),돈까스,"돈까스(국내산) 식당, 1인분",9440 ,2023-05-26
2023-05-24,영통구,개인서비스요금(외식비),햄버거,"전문점, 불고기 버거 1개",4433 ,2023-05-26
2023-05-24,영통구,개인서비스요금(외식비),피자,"전문점, 불고기 피자, 기본형(레귤러)",16580 ,2023-05-26
2023-05-24,영통구,개인서비스요금(외식비),커피(외식),"커피전문점, 일반 원두커피 1잔",3300 ,2023-05-26
2023-05-24,영통구,개인서비스요금(외식비),국산차(외식),녹차 1잔,3800 ,2023-05-26
2023-05-24,영통구,개인서비스요금(외식비),치킨,"튀김통닭, 후라이드",16867 ,2023-05-26
2023-05-24,영통구,개인서비스요금(외식비),칼국수,칼국수 전문점 1그릇,7944 ,2023-05-26
2023-05-24,영통구,개인서비스요금(외식비),조리라면(외식),분식집 1인분,3850 ,2023-05-26
2023-05-24,영통구,개인서비스요금(외식비),김밥,"일반김밥, 1줄",3340 ,2023-05-26
2023-05-24,영통구,"(세탁업,이미용업,숙박업등)",세탁료,"신사복, 상하 드라이클리닝 1회",7310 ,2023-05-26
2023-05-24,영통구,"(세탁업,이미용업,숙박업등)",의복수선료,"신사복 하의길의 수단(바지밑단줄임), 1회",4700 ,2023-05-26
2023-05-24,영통구,"(세탁업,이미용업,숙박업등)",목욕료,"일반 대중탕, 성인1회",9000 ,2023-05-26
2023-05-24,영통구,"(세탁업,이미용업,숙박업등)",이용료,"성인남성이발, 중류급 1회",11222 ,2023-05-26
2023-05-24,영통구,"(세탁업,이미용업,숙박업등)",미용료(커트),"성인여자커트, 중류급 1회(주택,아파트단지 등 일반업소)",16000 ,2023-05-26
2023-05-24,영통구,"(세탁업,이미용업,숙박업등)",미용료(파마),"성인여자 기본, 중류급 1회(주택,아파트단지 등 일반업소_)",46667 ,2023-05-26
2023-05-24,영통구,"(세탁업,이미용업,숙박업등)",찜질방이용료,성인1회(찜질복 대여료 포함),10333 ,2023-05-26
2023-05-24,영통구,"(세탁업,이미용업,숙박업등)",숙박(호텔),관광호텔 1급 기준 대여료 포함,138237 ,2023-05-26
2023-05-24,영통구,"(세탁업,이미용업,숙박업등)",숙박(여관),"갑류, 독방 1박, 욕실부설, 1일",42500 ,2023-05-26
2023-05-24,영통구,"(세탁업,이미용업,숙박업등)",콘도이용료,"약 82.65㎡ 회원기준,1일 사용기준",,2023-05-26
2023-05-24,영통구,개인서비스요금(기타),영화관람료,"주중 상영시간, 1매(입장세 및 문예진흥기금 포함)",14000 ,2023-05-26
2023-05-24,영통구,개인서비스요금(기타),수영장이용료,"성인일반 입장료(체육기금포함),1회",4000 ,2023-05-26
2023-05-24,영통구,개인서비스요금(기타),볼링장이용료,"일반인, 평일 오후시간(신발제외), 1시간",6067 ,2023-05-26
2023-05-24,영통구,개인서비스요금(기타),골프연습장이용료,"초급반(남자),회비 레슨비(진흥기금 포함,의복 및 신발제외), 1개월",315000 ,2023-05-26
2023-05-24,영통구,개인서비스요금(기타),노래방이용료,"일반인, 저녁시간대,일반실,1시간",28000 ,2023-05-26
2023-05-24,영통구,개인서비스요금(기타),당구장이용료,"쿠션 당구대, 일반인, 저녁시간 1시간",9975 ,2023-05-26
2023-05-24,영통구,개인서비스요금(기타),운동경기관람료,"성인 경기입장료(축구,야구 등), 1회",,2023-05-26
2023-05-24,영통구,개인서비스요금(기타),PC방 이용료,기본시간 1회,1086 ,2023-05-26
2023-05-24,영통구,개인서비스요금(기타),택배수수료,"무게 20kg이하, 타지역 1개",7970 ,2023-05-26
2023-05-24,영통구,개인서비스요금(기타),사진촬영료,"반명함판 컬러 3*4㎝, 1조(8매)",25729 ,2023-05-26
2023-05-24,영통구,개인서비스요금(기타),사진인화료,"디지털 사진인화요금(현상료 포함), 1매",600 ,2023-05-26
2023-05-24,영통구,개인서비스요금(기타),공동주택관리비,"아파트, 개별부담금 제외한 전금액",151862 ,2023-05-26
2023-05-24,영통구,생필품 요금(농산물 8),사과,"상품, 1개",2043 ,2023-05-26
2023-05-24,영통구,생필품 요금(농산물 8),배,"상품, 1개",2746 ,2023-05-26
2023-05-24,영통구,생필품 요금(농산물 8),배추,"2kg(중간크기), 1포기",4248 ,2023-05-26
2023-05-24,영통구,생필품 요금(농산물 8),무,"1kg, 잎 없는것",2212 ,2023-05-26
2023-05-24,영통구,생필품 요금(농산물 8),양파,"작은망(까지않은것 1.5kg), 1망",4097 ,2023-05-26
2023-05-24,영통구,생필품 요금(농산물 8),상추,"적상추 ,100g",1429 ,2023-05-26
2023-05-24,영통구,생필품 요금(농산물 8),오이,"다다기오이,1개",780 ,2023-05-26
2023-05-24,영통구,생필품 요금(농산물 8),호박,"애호박(중), 1개",1476 ,2023-05-26
2023-05-24,영통구,축산물(4),쇠고기,"한우불고기(1등급), 600g",32969 ,2023-05-26
2023-05-24,영통구,축산물(4),돼지고기,"생삼겹살(국내산), 600g",17456 ,2023-05-26
2023-05-24,영통구,축산물(4),닭고기,"육계(국내산), 1마리(1kg)",8873 ,2023-05-26
2023-05-24,영통구,축산물(4),달걀,"10개입, 1판 10개",3816 ,2023-05-26
2023-05-24,영통구,수산물(4),갈치,"생물(60cm), 1마리",6033 ,2023-05-26
2023-05-24,영통구,수산물(4),동태,"냉동, 1kg, 1마리",4134 ,2023-05-26
2023-05-24,영통구,수산물(4),오징어,"물오징어(생물) 25cm, 1마리",3550 ,2023-05-26
2023-05-24,영통구,수산물(4),고등어,"자반고등어 30cm,1마리",3532 ,2023-05-26
